-- phpMyAdmin SQL Dump
-- version 4.1.14
-- http://www.phpmyadmin.net
--
-- Client :  127.0.0.1
-- Généré le :  Mar 05 Avril 2016 à 19:01
-- Version du serveur :  5.6.17
-- Version de PHP :  5.5.12

SET SQL_MODE = "NO_AUTO_VALUE_ON_ZERO";
SET time_zone = "+00:00";


/*!40101 SET @OLD_CHARACTER_SET_CLIENT=@@CHARACTER_SET_CLIENT */;
/*!40101 SET @OLD_CHARACTER_SET_RESULTS=@@CHARACTER_SET_RESULTS */;
/*!40101 SET @OLD_COLLATION_CONNECTION=@@COLLATION_CONNECTION */;
/*!40101 SET NAMES utf8 */;

--
-- Base de données :  `warehouse_ghassen`
--

-- --------------------------------------------------------

--
-- Structure de la table `facture`
--

CREATE TABLE IF NOT EXISTS `facture` (
  `id` int(11) NOT NULL AUTO_INCREMENT,
  `facnumber` varchar(30) NOT NULL,
  `amount` double NOT NULL COMMENT 'amount of invoice',
  `paye` tinyint(6) NOT NULL COMMENT 'is the invoice payed (1=yes, 0=otherwise) ?',
  `note` text NOT NULL,
  PRIMARY KEY (`id`)
) ENGINE=InnoDB  DEFAULT CHARSET=latin1 AUTO_INCREMENT=72 ;

--
-- Contenu de la table `facture`
--

INSERT INTO `facture` (`id`, `facnumber`, `amount`, `paye`, `note`) VALUES
(8, 'BGH-632', 1.18, 1, ''),
(9, 'BGH-1016', 70.8, 1, ''),
(10, 'BGH-1147', 1.18, 1, ''),
(11, 'BGH-1404', 1.18, 1, ''),
(12, 'BGH-1409', 1.18, 1, ''),
(13, 'BGH-1424', 31.86, 1, ''),
(14, 'BGH-1433', 1.18, 1, ''),
(15, 'BGH-1433', 1.18, 1, ''),
(16, 'BGH-1437', 1.18, 1, ''),
(17, 'BGH-1439', 1.18, 1, ''),
(18, 'BGH-1439', 1.18, 1, ''),
(19, 'BGH-1442', 1.18, 1, ''),
(20, 'BGH-1442', 1.18, 1, ''),
(21, 'BGH-1518', 9.44, 1, ''),
(22, 'BGH-1535', 1.18, 1, ''),
(23, 'BGH-1601', 105, 1, ''),
(24, 'BGH-1601', 105, 1, ''),
(25, 'BGH-1610', 7, 1, '0'),
(26, 'BGH-1610', 7, 1, '0'),
(27, 'BGH-1610', 7, 1, '0'),
(28, 'BGH-1610', 62, 1, '0'),
(29, 'BGH-1679', 2, 1, '0'),
(30, 'BGH-1683', 151, 1, ''),
(31, 'BGH-1689', 54, 1, '0'),
(32, 'BGH-1700', 1, 1, ''),
(33, 'BGH-1700', 1, 1, ''),
(34, 'BGH-1700', 1, 1, ''),
(35, 'BGH-1700', 1, 1, ''),
(36, 'BGH-1700', 1, 1, ''),
(37, 'BGH-1700', 1, 1, ''),
(38, 'BGH-1700', 1, 1, ''),
(39, 'BGH-1714', 1, 1, ''),
(40, 'BGH-1714', 1, 1, ''),
(41, 'BGH-1714', 1, 1, ''),
(42, 'BGH-1714', 1, 1, ''),
(43, 'BGH-1714', 1, 1, ''),
(44, 'BGH-1714', 1, 1, ''),
(45, 'BGH-1714', 1, 1, ''),
(46, 'BGH-1714', 1, 1, ''),
(47, 'BGH-1714', 1, 1, ''),
(48, 'BGH-1714', 1, 1, ''),
(49, 'BGH-1714', 1, 1, ''),
(50, 'BGH-1714', 1, 1, ''),
(51, 'BGH-1729', 17, 1, ''),
(52, 'BGH-1742', 45, 1, ''),
(53, 'BGH-1745', 90, 1, ''),
(54, 'BGH-1748', 2, 1, ''),
(55, 'BGH-1780', 9, 1, ''),
(56, 'BGH-1784', 1, 1, ''),
(57, 'BGH-1784', 1, 1, ''),
(58, 'BGH-1784', 1, 1, ''),
(59, 'BGH-1780', 9, 1, ''),
(60, 'BGH-1791', 10, 1, ''),
(61, 'BGH-1796', 3.54, 1, ''),
(62, 'BGH-1796', 3.54, 1, ''),
(63, 'BGH-1812', 2.36, 1, ''),
(64, 'BGH-1825', 50, 1, ''),
(65, 'BGH-1830', 7, 1, '0'),
(66, 'BGH-1856', 37, 1, ''),
(67, 'BGH-1882', 1, 1, ''),
(68, 'BGH-1886', 1, 1, ''),
(69, 'BGH-1902', 1, 1, ''),
(70, 'BGH-1903', 1, 1, ''),
(71, 'BGH-1906', 1, 1, '');

-- --------------------------------------------------------

--
-- Structure de la table `famille`
--

CREATE TABLE IF NOT EXISTS `famille` (
  `id_famille` int(11) NOT NULL AUTO_INCREMENT,
  `label_famille` varchar(30) DEFAULT NULL,
  `status` int(11) NOT NULL,
  PRIMARY KEY (`id_famille`)
) ENGINE=InnoDB  DEFAULT CHARSET=latin1 AUTO_INCREMENT=5 ;

--
-- Contenu de la table `famille`
--

INSERT INTO `famille` (`id_famille`, `label_famille`, `status`) VALUES
(1, 'Jouets', 0),
(2, 'BOUEES DE PLAGE', 0),
(3, 'ARTICLES DE NOEL ET CARNAVAL', 0),
(4, 'SPORT', 0);

-- --------------------------------------------------------

--
-- Structure de la table `log`
--

CREATE TABLE IF NOT EXISTS `log` (
  `id` int(11) NOT NULL AUTO_INCREMENT,
  `date` timestamp NOT NULL DEFAULT CURRENT_TIMESTAMP,
  `id_user` int(11) NOT NULL,
  `action` int(11) NOT NULL,
  `amount` int(11) NOT NULL,
  `id_product` int(11) NOT NULL,
  `id_packing` int(11) NOT NULL,
  `id_order` int(11) NOT NULL,
  PRIMARY KEY (`id`)
) ENGINE=MyISAM  DEFAULT CHARSET=latin2 AUTO_INCREMENT=384 ;

--
-- Contenu de la table `log`
--

INSERT INTO `log` (`id`, `date`, `id_user`, `action`, `amount`, `id_product`, `id_packing`, `id_order`) VALUES
(357, '2015-11-23 18:06:12', 1, 1, 10, 25, 0, 0),
(358, '2015-11-23 19:00:43', 1, 1, 4, 24, 0, 0),
(359, '2015-11-23 19:01:32', 1, 1, 2, 24, 0, 0),
(360, '2015-11-23 19:15:41', 1, 1, 2, 24, 0, 0),
(361, '2015-11-23 19:17:06', 1, 1, 2, 24, 0, 0),
(362, '2015-11-23 19:17:31', 1, 1, 2, 24, 0, 0),
(363, '2015-11-23 19:25:35', 1, 1, 20, 37, 0, 0),
(364, '2015-11-23 19:27:33', 1, 1, 10, 25, 0, 0),
(365, '2015-11-23 19:27:43', 1, 1, 11, 36, 0, 0),
(366, '2015-12-24 19:43:02', 1, 1, -5, 24, 0, 0),
(367, '2015-12-24 19:43:12', 1, 1, 2, 24, 0, 0),
(368, '2015-12-24 19:43:57', 1, 1, -2, 37, 0, 0),
(369, '2016-01-13 21:09:59', 1, 1, 213, 0, 0, 0),
(370, '2016-01-13 21:10:01', 1, 1, 0, 0, 0, 0),
(371, '2016-01-13 21:10:07', 1, 1, 100, 0, 0, 0),
(372, '2016-01-13 21:10:09', 1, 1, 0, 0, 0, 0),
(373, '2016-01-13 21:10:14', 1, 1, 5, 0, 0, 0),
(374, '2016-01-13 21:10:15', 1, 1, 0, 0, 0, 0),
(375, '2016-01-13 21:10:16', 1, 1, 0, 0, 0, 0),
(376, '2016-01-14 09:02:48', 1, 1, 444, 0, 0, 0),
(377, '2016-01-14 09:02:49', 1, 1, 0, 0, 0, 0),
(378, '2016-01-14 14:56:30', 1, 1, 55, 0, 0, 0),
(379, '2016-01-14 14:56:36', 1, 1, 4, 0, 0, 0),
(380, '2016-01-14 14:56:38', 1, 1, 0, 0, 0, 0),
(381, '2016-02-10 21:35:08', 1, 1, 1, 0, 0, 0),
(382, '2016-02-10 21:35:10', 1, 1, 0, 0, 0, 0),
(383, '2016-02-10 21:35:21', 1, 1, 5, 0, 0, 0);

-- --------------------------------------------------------

--
-- Structure de la table `log_history`
--

CREATE TABLE IF NOT EXISTS `log_history` (
  `id` int(11) NOT NULL AUTO_INCREMENT,
  `date` timestamp NOT NULL DEFAULT CURRENT_TIMESTAMP,
  `id_user` int(11) NOT NULL,
  `action` int(11) NOT NULL,
  `amount` int(11) NOT NULL,
  `id_product` int(11) NOT NULL,
  `id_packing` int(11) NOT NULL,
  `info` text NOT NULL,
  PRIMARY KEY (`id`)
) ENGINE=MyISAM  DEFAULT CHARSET=latin2 AUTO_INCREMENT=338 ;

-- --------------------------------------------------------

--
-- Structure de la table `notes`
--

CREATE TABLE IF NOT EXISTS `notes` (
  `id` int(11) NOT NULL AUTO_INCREMENT,
  `data` date NOT NULL,
  `title` text NOT NULL,
  `text` text NOT NULL,
  `id_user` int(11) NOT NULL,
  `deleted` int(11) NOT NULL,
  PRIMARY KEY (`id`)
) ENGINE=MyISAM  DEFAULT CHARSET=latin2 AUTO_INCREMENT=4 ;

-- --------------------------------------------------------

--
-- Structure de la table `orders`
--

CREATE TABLE IF NOT EXISTS `orders` (
  `id` int(11) NOT NULL AUTO_INCREMENT,
  `parent_id` int(11) DEFAULT NULL,
  `status` int(11) NOT NULL DEFAULT '100' COMMENT '- Nouvelle: code 100 - Validée:  code 200 - Rejetée:  code 300',
  `id_client` int(11) NOT NULL,
  `id_point_vente` int(11) NOT NULL,
  `date_commande` datetime NOT NULL,
  `description` text NOT NULL,
  `deleted` int(11) NOT NULL,
  PRIMARY KEY (`id`)
) ENGINE=MyISAM  DEFAULT CHARSET=utf8 AUTO_INCREMENT=39 ;

--
-- Contenu de la table `orders`
--

INSERT INTO `orders` (`id`, `parent_id`, `status`, `id_client`, `id_point_vente`, `date_commande`, `description`, `deleted`) VALUES
(18, NULL, 400, 1, 0, '2016-01-29 00:00:00', '', 0),
(17, NULL, 400, 1, 0, '2015-12-04 00:00:00', '', 0),
(16, NULL, 400, 1, 0, '2015-11-30 00:00:00', '', 0),
(15, NULL, 400, 1, 0, '2015-11-30 00:00:00', '', 0),
(19, NULL, 400, 1, 0, '2016-02-04 00:00:00', '', 0),
(20, NULL, 400, 1, 0, '2016-02-04 00:00:00', '', 0),
(21, NULL, 200, 6, 0, '2016-02-04 00:00:00', '', 0),
(22, NULL, 200, 6, 0, '2016-02-04 00:00:00', '', 0),
(23, NULL, 400, 8, 0, '2016-02-12 00:00:00', '', 0),
(24, NULL, 400, 8, 0, '2016-02-12 00:00:00', '', 0),
(25, NULL, 400, 8, 0, '2016-02-12 00:00:00', '', 0),
(26, NULL, 400, 1, 0, '2016-02-20 00:00:00', '', 0),
(27, NULL, 400, 1, 0, '2016-02-20 00:00:00', '', 0),
(28, NULL, 400, 8, 0, '2016-02-21 00:00:00', '', 0),
(29, NULL, 100, 8, 0, '2016-02-24 00:00:00', '', 0),
(30, NULL, 200, 8, 0, '2016-02-24 00:00:00', '', 0),
(31, NULL, 100, 1, 0, '2016-03-01 00:00:00', '', 0),
(32, NULL, 200, 1, 0, '2016-03-01 00:00:00', '', 0),
(33, 32, 100, 1, 0, '2016-03-09 00:00:00', 'Commande complémentaire de la commande numero 32', 0),
(34, 32, 100, 1, 0, '2016-03-11 00:00:00', 'Commande complémentaire de la commande numero 32', 0),
(35, NULL, 200, 8, 0, '2016-03-28 00:00:00', '', 0),
(36, NULL, 100, 8, 3, '2016-03-28 00:00:00', '', 0),
(37, 32, 100, 1, 0, '2016-04-01 00:00:00', 'Commande complémentaire de la commande numero 32', 0),
(38, NULL, 100, 8, 3, '2016-04-05 00:00:00', '', 0);

-- --------------------------------------------------------

--
-- Structure de la table `order_products`
--

CREATE TABLE IF NOT EXISTS `order_products` (
  `id` int(11) NOT NULL AUTO_INCREMENT,
  `id_commande` int(11) NOT NULL,
  `reference` varchar(256) NOT NULL,
  `quantite` int(11) NOT NULL,
  `commentaires` varchar(512) NOT NULL,
  PRIMARY KEY (`id`)
) ENGINE=InnoDB  DEFAULT CHARSET=latin1 AUTO_INCREMENT=47 ;

--
-- Contenu de la table `order_products`
--

INSERT INTO `order_products` (`id`, `id_commande`, `reference`, `quantite`, `commentaires`) VALUES
(1, 15, '58252', 30, ''),
(2, 15, '57100', 1, ''),
(3, 15, '56569', 20, ''),
(4, 15, '55948', 2919, ''),
(5, 16, '58252', 30, ''),
(6, 16, '57100', 1, ''),
(7, 16, '56569', 10, ''),
(8, 16, '55948', 2919, ''),
(11, 18, 'BG10044-2', 1, ''),
(12, 18, '57100', 11, ''),
(13, 18, '56646', 123, ''),
(14, 18, '55948', 51, ''),
(15, 18, '55957', 2, ''),
(16, 19, '55948', 4, ''),
(17, 19, '55960', 10, ''),
(18, 20, '55948', 5, ''),
(19, 21, '58165', 10, ''),
(20, 21, '55948', 32, ''),
(21, 21, '56646', 2, ''),
(22, 21, '56569', 8, ''),
(23, 21, '55957', 12, ''),
(24, 23, '58263', 25, ''),
(25, 23, '57482', 5, ''),
(26, 23, '55957', 1, ''),
(27, 25, 'ASW10014', 10, ''),
(28, 26, '55957', 11, ''),
(29, 26, '55948', 2, ''),
(30, 27, '55959', 4, ''),
(31, 27, '55948', 12, ''),
(32, 28, '56569', 2, ''),
(33, 28, '55948', 1, ''),
(34, 29, 'BASKET MAROON', 4, ''),
(35, 29, 'ASW10013', 1, ''),
(36, 29, '', 1, ''),
(37, 30, 'BASKET MULTICOLOR', 2, ''),
(38, 30, 'ASW10004', 3, ''),
(39, 30, 'BASKET ORANGE', 2, ''),
(40, 31, 'ASW10014', 2, ''),
(41, 32, 'ASW10014', 2, ''),
(42, 32, 'ASW10004', 1, ''),
(43, 35, 'ASW10013', 1, ''),
(44, 35, 'ASW10004', 1, ''),
(45, 36, 'ASW10004', 1, ''),
(46, 38, 'ASW10004', 4, '');

-- --------------------------------------------------------

--
-- Structure de la table `order_products_client`
--

CREATE TABLE IF NOT EXISTS `order_products_client` (
  `id` int(11) NOT NULL AUTO_INCREMENT,
  `id_commande` int(11) NOT NULL,
  `reference` varchar(256) NOT NULL,
  `quantite` int(11) NOT NULL,
  `commentaires` varchar(512) NOT NULL,
  `id_user` int(11) NOT NULL,
  `status` int(11) NOT NULL,
  PRIMARY KEY (`id`)
) ENGINE=InnoDB  DEFAULT CHARSET=utf8 AUTO_INCREMENT=15 ;

--
-- Contenu de la table `order_products_client`
--

INSERT INTO `order_products_client` (`id`, `id_commande`, `reference`, `quantite`, `commentaires`, `id_user`, `status`) VALUES
(1, 1, '58252', 30, '', 8, 100),
(2, 1, '57100', 1, '', 8, 100),
(3, 1, '56569', 20, '', 8, 100),
(4, 1, '55948', 1919, '', 8, 100),
(5, 1, '58252', 30, '', 8, 100),
(6, 1, '57100', 1, '', 8, 100),
(7, 1, '56569', 10, '', 8, 100),
(8, 1, '55948', 2919, '', 8, 100),
(9, 32, 'ASW10014', 5, '', 1, 0),
(10, 32, 'ASW10004', 1, '', 1, 0),
(11, 35, 'ASW10013', 2, '', 8, 100),
(12, 35, 'ASW10004', 1, '', 8, 100),
(13, 36, 'ASW10004', 1, '', 8, 100),
(14, 38, 'ASW10004', 4, '', 8, 100);

-- --------------------------------------------------------

--
-- Structure de la table `packings`
--

CREATE TABLE IF NOT EXISTS `packings` (
  `id` int(11) NOT NULL AUTO_INCREMENT,
  `name` text NOT NULL,
  `description` text NOT NULL,
  `deleted` int(11) NOT NULL,
  PRIMARY KEY (`id`)
) ENGINE=MyISAM  DEFAULT CHARSET=latin2 AUTO_INCREMENT=44 ;

-- --------------------------------------------------------

--
-- Structure de la table `pointvente`
--

CREATE TABLE IF NOT EXISTS `pointvente` (
  `id_pv` int(11) NOT NULL AUTO_INCREMENT,
  `label_pv` varchar(30) CHARACTER SET utf8 DEFAULT NULL,
  `tel_pv` int(11) DEFAULT NULL,
  `fax_pv` int(11) DEFAULT NULL,
  `adresse_pv` varchar(50) CHARACTER SET utf8 DEFAULT NULL,
  `email_pv` varchar(30) CHARACTER SET utf8 DEFAULT NULL,
  `resp_pv` int(11) NOT NULL,
  `deleted_pv` int(11) NOT NULL,
  PRIMARY KEY (`id_pv`)
) ENGINE=InnoDB  DEFAULT CHARSET=latin1 AUTO_INCREMENT=6 ;

--
-- Contenu de la table `pointvente`
--

INSERT INTO `pointvente` (`id_pv`, `label_pv`, `tel_pv`, `fax_pv`, `adresse_pv`, `email_pv`, `resp_pv`, `deleted_pv`) VALUES
(1, 'boutik hamamlif', 71217000, 71217000, '1 rue de la liberté hamam-lif', 'boutikhmlif@gmail.com', 7, 0),
(2, 'boutik commession', 71100000, 71100000, '1 rue commession Tunis', 'boutikcommession@gmail.com', 6, 0),
(3, 'boutik laouina', 71200000, 71200000, '1 rue des fleurs laouina', 'boutiklaouina@gmail.com', 8, 0),
(4, 'aymen', 0, 0, '', '', 0, 0),
(5, '', 1, 0, '', '', 0, 0);

-- --------------------------------------------------------

--
-- Structure de la table `pointventeproducts`
--

CREATE TABLE IF NOT EXISTS `pointventeproducts` (
  `id` int(11) NOT NULL AUTO_INCREMENT,
  `id_importateur` int(11) NOT NULL DEFAULT '1',
  `nsFamille` int(11) NOT NULL,
  `reference` varchar(30) DEFAULT NULL,
  `codeBarre` varchar(30) DEFAULT NULL,
  `designation` varchar(50) DEFAULT NULL,
  `prixGrosHT` varchar(30) DEFAULT NULL,
  `tva` int(11) DEFAULT NULL,
  `unite` int(11) DEFAULT NULL,
  `colisageCtn` int(11) DEFAULT NULL,
  `emballage` varchar(50) DEFAULT NULL,
  `prixHlif` varchar(30) DEFAULT NULL,
  `prixTunis` varchar(30) DEFAULT NULL,
  `ctnDispo` int(11) DEFAULT NULL,
  `pcsDispo` int(11) DEFAULT NULL,
  `stockPcs` int(11) DEFAULT NULL,
  `cf` int(11) DEFAULT NULL,
  `deleted` int(11) DEFAULT NULL,
  `image` varchar(30) DEFAULT NULL,
  PRIMARY KEY (`id`)
) ENGINE=MyISAM  DEFAULT CHARSET=latin2 AUTO_INCREMENT=239 ;

-- --------------------------------------------------------

--
-- Structure de la table `pointventestock`
--

CREATE TABLE IF NOT EXISTS `pointventestock` (
  `id` int(11) NOT NULL AUTO_INCREMENT,
  `id_importateur` int(11) NOT NULL DEFAULT '1',
  `nsFamille` int(11) NOT NULL,
  `reference` varchar(30) DEFAULT NULL,
  `codeBarre` varchar(30) DEFAULT NULL,
  `designation` varchar(50) DEFAULT NULL,
  `prixGrosHT` varchar(30) DEFAULT NULL,
  `tva` int(11) DEFAULT NULL,
  `unite` int(11) DEFAULT NULL,
  `colisageCtn` int(11) DEFAULT NULL,
  `emballage` varchar(50) DEFAULT NULL,
  `prixHlif` varchar(30) DEFAULT NULL,
  `prixTunis` varchar(30) DEFAULT NULL,
  `ctnDispo` int(11) DEFAULT NULL,
  `pcsDispo` int(11) DEFAULT NULL,
  `stockPcs` int(11) DEFAULT NULL,
  `cf` int(11) DEFAULT NULL,
  `status` int(11) DEFAULT NULL,
  `image` varchar(30) DEFAULT NULL,
  `id_pointvente` int(11) DEFAULT NULL,
  PRIMARY KEY (`id`)
) ENGINE=MyISAM  DEFAULT CHARSET=latin2 AUTO_INCREMENT=252 ;

--
-- Contenu de la table `pointventestock`
--

INSERT INTO `pointventestock` (`id`, `id_importateur`, `nsFamille`, `reference`, `codeBarre`, `designation`, `prixGrosHT`, `tva`, `unite`, `colisageCtn`, `emballage`, `prixHlif`, `prixTunis`, `ctnDispo`, `pcsDispo`, `stockPcs`, `cf`, `status`, `image`, `id_pointvente`) VALUES
(249, 1, 0, 'BASKET MULTICOLOR', NULL, NULL, NULL, NULL, NULL, NULL, NULL, NULL, NULL, NULL, NULL, 4, NULL, NULL, NULL, 28),
(250, 1, 0, 'ASW10004', NULL, NULL, NULL, NULL, NULL, NULL, NULL, NULL, NULL, NULL, NULL, 3, NULL, NULL, NULL, 28),
(251, 1, 0, 'BASKET ORANGE', NULL, NULL, NULL, NULL, NULL, NULL, NULL, NULL, NULL, NULL, NULL, 2, NULL, NULL, NULL, 28);

-- --------------------------------------------------------

--
-- Structure de la table `products`
--

CREATE TABLE IF NOT EXISTS `products` (
  `id` int(11) NOT NULL AUTO_INCREMENT,
  `id_importateur` int(11) NOT NULL DEFAULT '1',
  `nsFamille` int(11) DEFAULT NULL,
  `reference` varchar(30) DEFAULT NULL,
  `codeBarre` varchar(30) DEFAULT NULL,
  `designation` varchar(50) DEFAULT NULL,
  `prixGrosHT` varchar(30) DEFAULT NULL,
  `tva` int(11) DEFAULT NULL,
  `unite` int(11) DEFAULT NULL,
  `colisageCtn` int(11) DEFAULT NULL,
  `emballage` varchar(50) DEFAULT NULL,
  `prixHlif` varchar(30) DEFAULT NULL,
  `prixTunis` varchar(30) DEFAULT NULL,
  `ctnDispo` int(11) DEFAULT NULL,
  `pcsDispo` int(11) DEFAULT NULL,
  `stockPcs` int(11) DEFAULT NULL,
  `cf` int(11) DEFAULT NULL,
  `deleted` int(11) DEFAULT NULL,
  `image` varchar(30) DEFAULT NULL,
  `colisagePacket` int(11) NOT NULL DEFAULT '2',
  PRIMARY KEY (`id`)
) ENGINE=MyISAM  DEFAULT CHARSET=latin2 AUTO_INCREMENT=320 ;

--
-- Contenu de la table `products`
--

INSERT INTO `products` (`id`, `id_importateur`, `nsFamille`, `reference`, `codeBarre`, `designation`, `prixGrosHT`, `tva`, `unite`, `colisageCtn`, `emballage`, `prixHlif`, `prixTunis`, `ctnDispo`, `pcsDispo`, `stockPcs`, `cf`, `deleted`, `image`, `colisagePacket`) VALUES
(1, 1, 29, 'ASW10004', '6961510001007', 'BALL N9', '1,500', 18, 1, 300, 'NET-BAG', '', '1,800', 0, 160, 157, 0, 0, '', 2),
(2, 1, 29, 'ASW10013', '8263654680116', 'BALL CALOUR', '1,550', 18, 1, 360, 'NET-BAG', '', '1,900', 4, 0, 1440, 0, 0, '', 2),
(3, 1, 29, 'ASW10014', '8263654680123', 'FOOTBALL', '9,800', 18, 1, 60, 'NET-BAG', '', '11,800', 0, 0, -20, 0, 0, '', 2),
(4, 1, 29, 'ASW10016', '6961210001000', 'FOOTBALL N 5', '10,000', 18, 1, 60, 'NET-BAG', '', '12,000', 5, 0, 300, 0, 0, '', 2),
(5, 1, 29, 'BASKET MAROON', '6901295240017', 'BALLON BASKET MAROON', '5,400', 18, 1, 40, 'NET-BAG', '', '6,500', 228, 0, 9120, 0, 0, '', 2),
(6, 1, 29, 'BASKET MULTICOLOR', '8590884308535', 'BALLON BASKET MULTICOLOR', '6,000', 18, 1, 40, 'NET-BAG', '', '7,200', 8, 0, 316, 0, 0, '', 2),
(7, 1, 29, 'BASKET ORANGE', '6901295250092', 'BALLON BASKET ORANGER', '5,400', 18, 1, 40, 'NET-BAG', '', '6,500', 204, 0, 8158, 0, 0, '', 2),
(8, 1, 29, 'BG1534', '6961110015343', 'BALL CROWN', '0,950', 18, 1, 600, 'NET-BAG', '', '1,150', 1, 0, 600, 0, 0, '', 2),
(9, 1, 29, 'GST007840011', '2014033066665', 'BALL', '8,800', 18, 1, 48, 'NET-BAG', '', '10,600', 5, 0, 240, 0, 0, '', 2),
(10, 1, 29, 'GST007840048', '8867002456424', 'BALL', '10,500', 18, 1, 24, 'NET-BAG', '', '12,600', 7, 0, 168, 0, 0, '', 2),
(11, 1, 29, 'K0134', '6933834541347', 'PINGPONG BALL WILSON  YELLOW', '1,350', 18, 1, 240, 'PVC-BOX', '', '1,650', 15, 0, 3600, 0, 0, '', 2),
(12, 1, 30, 'ASW10002', '6961310001009', 'BALL 45 CM', '4,900', 18, 1, 60, 'NO', '', '5,900', 2, 0, 120, 0, 0, '', 2),
(13, 1, 30, 'ASW10003', '6961410001008', 'BALL 45 CM', '4,900', 18, 1, 60, 'NO', '', '5,900', 2, 0, 120, 0, 0, '', 2),
(14, 1, 30, 'BG10072', '6854652893725', 'BALLOON LIGHT', '0,850', 18, 1, 1200, 'PVC-BAG', '', '1,050', 1, 0, 1200, 0, 0, '', 2),
(15, 1, 30, 'BG10073', '888889684005', 'BALLOON DECORATION', '7,500', 18, 0, 200, 'PVC-BAG', '', '9,000', 44, 0, 8800, 0, 0, '', 2),
(16, 1, 30, 'BG10074', '6854652893749', 'PUMP BALLOON', '1,950', 18, 1, 100, 'PVC-BAG', '', '2,350', 4, 0, 400, 0, 0, '', 2),
(17, 1, 30, 'BG1626', '6961110016265', 'INFLATABLE BALLOON', '0,700', 18, 1, 2000, 'PVC-BAG', '', '0,850', 3, 0, 6000, 0, 0, '', 2),
(18, 1, 30, 'BG1627', '6961110016272', 'INFLATABLE BALLOON', '0,700', 18, 1, 3000, 'PVC-BAG', '', '0,850', 3, 2400, 11400, 0, 0, '', 2),
(19, 1, 30, 'BG1628', '6961110016289', 'INFLATABLE BALLOON', '1,000', 18, 1, 1500, 'PVC-BAG', '', '1,200', 9, 0, 13500, 0, 0, '', 2),
(20, 1, 30, 'BG1629', '6961110016296', 'INFLATABLE BALLON', '0,850', 18, 1, 3000, 'PVC-BAG', '', '1,050', 3, 2200, 11200, 0, 0, '', 2),
(21, 1, 30, 'GST001650020', '6900016500201', 'AIR INFLATION', '0,750', 18, 1, 1140, 'PVC-BAG', '', '0,900', 1, 1100, 2240, 0, 0, '', 2),
(22, 1, 30, 'GST001650027', '6900016500270', 'AIR INFLATION', '0,750', 18, 1, 1200, 'PVC-BAG', '', '0,900', 2, 0, 2400, 0, 0, '', 2),
(23, 1, 30, 'KM466', '6971920004666', 'BALLON GONFLABLE RESSORT', '15,600', 18, 0, 75, 'PVC-BAG', '', '18,750', 16, 0, 1200, 0, 0, '', 2),
(24, 1, 1, '55948', '078257559480', 'REEF RIDER SWIM SET', '17,200', 18, 1, 6, 'PVC-BAG', '', '20,650', 17, 5, -2998, 0, 0, '', 2),
(25, 1, 1, '55957', '078257559572', 'REEF RIDER SPORTS SET', '34,500', 18, 1, 6, 'NET-BAG', '', '41,400', 7, 0, -27, 0, 0, '', 2),
(26, 1, 1, '55959', '078257559596', 'SURF RIDER SPORTS SET', '38,200', 18, 1, 6, 'NET-BAG', '', '45,850', 3, 5, 19, 0, 0, '', 2),
(27, 1, 1, '55960', '078257559602', 'SMALL SILICONE AVIATOR  PRO SWIM SET', '30,200', 18, 1, 6, 'PVC-BAG', '', '36,250', 4, 4, 18, 0, 0, '', 2),
(28, 1, 1, '56569', '078257565696', 'SMILING GECKO RIDE-ON', '17,900', 18, 1, 6, 'CARD-BOX', '', '21,500', 16, 4, -22, 0, 0, '', 2),
(29, 1, 1, '56581', '078257565818', 'KIDDIE FLOAT', '13,900', 18, 1, 12, 'CARD-BOX', '', '16,700', 27, 0, 324, 0, 0, '', 2),
(30, 1, 1, '56582', '078257565825', 'LIL STAR BABY FLOAT', '13,900', 18, 1, 12, 'CARD-BOX', '', '16,700', 17, 0, 204, 0, 0, '', 2),
(31, 1, 1, '56646', '078257566464', 'DELUXE ARM BANDS', '3,900', 18, 1, 36, 'CARD-BOX', '', '4,700', 17, 35, 524, 0, 0, '', 2),
(32, 1, 1, '56647', '078257566471', 'TOY STORY DELUXE ARM BANDS', '3,500', 18, 1, 36, 'CARD-BOX', '', '4,200', 1, 0, 36, 0, 0, '', 2),
(33, 1, 1, '56651', '078257566518', 'LIL STAR ARM BANDS', '3,600', 18, 1, 36, 'CARD-BOX', '', '4,350', 12, 35, 467, 0, 0, '', 2),
(34, 1, 1, '57100', '078257571000', 'PLAY BOX POOL', '18,200', 18, 1, 6, 'CARD-BOX', '', '21,850', 13, 5, -12, 0, 0, '', 2),
(35, 1, 1, '57426', '078257574261', 'LIL CAPITAIN BABY POOL', '28,600', 18, 1, 6, 'CARD-BOX', '', '34,350', 16, 5, 101, 0, 0, '', 2),
(36, 1, 1, '57482', '078257574827', 'OVAL WHALE FUN POOL', '43,900', 18, 1, 6, 'CARD-BOX', '', '52,700', 13, 5, -54704, 0, 0, '', 2),
(37, 1, 1, '58165', '078257581658', 'JOY RIDER', '12,600', 18, 1, 12, 'CARD-BOX', '', '15,200', 45, 11, 551, 0, 0, '', 2),
(38, 1, 1, '58252', '078257582525', 'TOY STORY ROCKET SWIM RING', '5,200', 18, 1, 36, 'CARD-BOX', '', '6,250', 4, 35, -30, 0, 0, '', 2),
(39, 1, 1, '58253', '078257582532', 'TOY STORY SWIM RING', '4,100', 18, 1, 36, 'CARD-BOX', '', '4,950', 6, 0, 216, 0, 0, '', 2),
(40, 1, 1, '58329', '078257583294', 'EXPLORER 100 BOAT', '18,700', 18, 1, 3, 'CARD-BOX', '', '22,450', 72, 0, 216, 0, 0, '', 2),
(41, 1, 1, '58330', '078257583300', 'EXPLORER 200 BOAT', '27,600', 18, 1, 3, 'CARD-BOX', '', '33,150', 73, 2, 221, 0, 0, '', 2),
(42, 1, 1, '58394', '078257583942', 'BOAT', '16,400', 18, 1, 12, 'CARD-BOX', '', '19,700', 11, 11, 143, 0, 0, '', 2),
(43, 1, 1, '58523', '078257585236', 'LIL WHALE RIDE-ON', '17,900', 18, 1, 6, 'CARD-BOX', '', '21,500', 22, 2, 134, 0, 0, '', 2),
(44, 1, 1, '58652', '078257586523', 'TROPICAL BUDDIES ARM BANDS', '2,950', 18, 1, 36, 'PVC-BAG', '', '3,550', 17, 35, 647, 0, 0, '', 2),
(45, 1, 1, '58878', '078257588787', '18 POCKET LOUNGES', '21,200', 18, 1, 6, 'CARD-BOX', '', '25,450', 8, 0, 48, 0, 0, '', 2),
(46, 1, 1, '59220', '078257592203', 'ANIMAL SLIT RINGS', '3,950', 18, 1, 36, 'CARD-BOX', '', '4,750', 16, 35, 611, 0, 0, '', 2),
(47, 1, 1, '59222', '078257592227', 'SWIM ALONG RINGS', '4,200', 18, 1, 36, 'CARD-BOX', '', '5,050', 20, 0, 720, 0, 0, '', 2),
(48, 1, 1, '59241', '078257592418', 'LIVELY PRINT SWIM RINGS', '2,600', 18, 1, 36, 'CARD-BOX', '', '3,150', 15, 34, 574, 0, 0, '', 2),
(49, 1, 1, '59242', '078257592425', 'OCEAN REEF TRANSPARENT RINGS', '2,600', 18, 1, 36, 'PVC-BAG', '', '3,150', 18, 0, 648, 0, 0, '', 2),
(50, 1, 1, '59248', '078257592487', 'STAR RINGS', '3,950', 18, 1, 36, 'PVC-BAG', '', '4,750', 17, 35, 647, 0, 0, '', 2),
(51, 1, 1, '59419', '078257594191', 'WILD GEOMETRY POOL', '14,600', 18, 1, 12, 'CARD-BOX', '', '17,550', 16, 9, 201, 0, 0, '', 2),
(52, 1, 1, '59574', '078257595747', 'MY BABY FLOAT', '7,600', 18, 1, 24, 'PVC-BAG', '', '9,150', 18, 0, 432, 0, 0, '', 2),
(53, 1, 1, '59586', '078257595860', 'KIDDIE FLOATS', '7,200', 18, 1, 24, 'CARD-BOX', '', '8,650', 13, 29, 341, 0, 0, '', 2),
(54, 1, 1, '59640', '078257596409', 'ARM BANDS', '1,900', 18, 1, 72, 'PVC-BAG', '', '2,300', 13, 32, 968, 0, 0, '', 2),
(55, 1, 1, '59642', '078257596423', 'LARGE ARM BANDS', '2,100', 18, 1, 36, 'PVC-BAG', '', '2,550', 17, 34, 646, 0, 0, '', 2),
(56, 1, 1, '68605', '07825768605', 'DOUBLE QUICK III S HAND PUMP', '13,800', 18, 1, 3, 'CARD-BOX', '', '16,600', 69, 0, 207, 0, 0, '', 2),
(57, 1, 1, '68612', '078257686124', 'HIGH OUTPUT HAND PUMP', '6,400', 18, 1, 12, 'CARD-BOX', '', '7,700', 31, 10, 382, 0, 0, '', 2),
(58, 1, 1, '68614', '078257686148', 'HIGH OUTPUT HAND PUMP', '9,400', 18, 1, 4, 'CARD-BOX', '', '11,300', 45, 2, 182, 0, 0, '', 2),
(59, 1, 1, '68615', '078257686155', 'HIGH OUTPUT HAND PUMP', '22,200', 18, 1, 3, 'CARD-BOX', '', '26,650', 72, 0, 216, 0, 0, '', 2),
(60, 1, 1, '58245', '078257582457', 'SWIM RINGS 61x24', '2,550', 18, 1, 36, 'CARD-BOX', '', '3,100', 3, 10, 118, 0, 0, '', 2),
(61, 1, 1, '58263', '078257582631', '97 cm TRANSPARENT TUBES', '8,000', 18, 1, 12, 'CARD-BOX', '', '9,600', 7, 0, -6, 0, 0, '', 2),
(62, 1, 1, '58652', '078257586523', 'TROPICAL BUDDIES ARM BANDS', '2,950', 18, 1, 36, 'CARD-BOX', '', '3,550', 0, 0, 0, 0, 0, '', 2),
(63, 1, 1, '58653', '078257586530', 'WINNIE THE POOH ARM BANDS 23x15', '2,900', 18, 1, 36, 'CARD-BOX', '', '3,500', 0, 0, 0, 0, 0, '', 2),
(64, 1, 1, '58890', '078257588909', 'POCKET FASHION LOUNGES 188 cm x 71cm', '14,700', 0, 1, 6, 'CARD-BOX', '', '17,650', 40, 0, 240, 0, 0, '', 2),
(65, 1, 1, '58894', '078257588947', 'POCKET SUNTANNER 188 cm x 71 cm', '13,800', 0, 1, 6, 'CARD-BOX', '', '16,600', 10, 0, 60, 0, 0, '', 2),
(66, 1, 1, '59230', '078257592302', 'LIVELY PRINT SWIM RINGS 3 STYLES 51x20', '1,600', 18, 1, 36, 'PVC-BAG', '', '1,950', 5, 0, 180, 0, 0, '', 2),
(67, 1, 1, '59251', '078257592517', 'CLEAR COLOR TUBES 91 cm', '4,650', 18, 1, 24, 'PVC-BAG', '', '5,600', 5, 0, 120, 0, 0, '', 2),
(68, 1, 1, '59258', '078257592586', '76 cm HI-GLOSS TUBES', '4,350', 18, 1, 24, 'PVC-BAG', '', '5,250', 5, 0, 120, 0, 0, '', 2),
(69, 1, 1, '59262', '078257592623', 'NEON FROST TUBES 91 cm', '4,650', 18, 1, 24, 'PVC-BAG', '', '5,600', 10, 0, 240, 0, 0, '', 2),
(70, 1, 1, '59703', '078257597031', '183 cm x 69 cm ECONOMATS', '4,200', 18, 1, 36, 'PVC-BAG', '', '5,050', 86, 0, 3096, 0, 0, '', 2),
(71, 1, 1, '59711', '078257597116', '183 cm x 69 cm ACTION PRINT MATS', '6,150', 18, 1, 36, 'PVC-BAG', '', '7,400', 47, 32, 1724, 0, 0, '', 2),
(72, 1, 1, '59717', '078257597178', '183 cm x 76 cm NEON FROST AIR MATS', '6,900', 18, 1, 24, 'PVC-BAG', '', '8,300', 19, 17, 473, 0, 0, '', 2),
(73, 1, 1, '59718', '078257597185', 'RELAX-A-AMATS 183x69', '4,800', 0, 1, 24, 'PVC-BAG', '', '5,800', 8, 17, 209, 0, 0, '', 2),
(74, 1, 1, 'SP1201', '6961310012012', 'RUNNING MACHINE', '356,000', 18, 1, 1, 'CARTON', '', '427,200', 4, 0, 4, 0, 0, '', 2),
(75, 1, 1, 'SP1202', '6961410012028', 'RUNNING MACHINE', '485,000', 18, 1, 1, 'CARTON', '', '582,000', 2, 0, 2, 0, 0, '', 2),
(76, 1, 1, 'SP1203', '6961210012037', 'MACHINE SPORT', '1790,000', 18, 1, 1, 'CARTON', '', '2 148,000', 0, 0, 0, 0, 0, '', 2),
(77, 1, 1, 'SP1204', '6961210012044', 'EXERCISE BIKE', '408,000', 18, 1, 1, 'CARTON', '', '489,600', 0, 0, 0, 0, 0, '', 2),
(78, 1, 1, 'SP1205', '6961210012051', 'EXERCISE BIKE', '369,000', 18, 1, 1, 'CARTON', '', '442,800', 2, 0, 2, 0, 0, '', 2),
(79, 1, 1, 'SP1205', '', '', '', 0, 0, 1, '', '', '', 4, 0, 4, 0, 0, '', 2),
(80, 1, 1, 'TR1201', '6970110012016', 'SCOOTER', '26,000', 18, 1, 6, 'CARTON', '', '31,200', 0, 0, 0, 0, 0, '', 2),
(81, 1, 1, 'TR1202', '6970110012023', 'SCOOTER', '32,500', 18, 1, 6, 'CARTON', '', '39,000', 0, 0, 0, 0, 0, '', 2),
(82, 1, 1, 'TR1203', '6970110012030', 'SCOOTER', '46,500', 18, 1, 6, 'CARTON', '', '55,800', 0, 0, 0, 0, 0, '', 2),
(83, 1, 1, 'VL1201', '6961110012014', 'BIKE', '64,000', 12, 1, 1, 'CARTON', '', '76,800', 0, 0, 0, 0, 0, '', 2),
(84, 1, 1, 'VL1202', '6961110012021', 'BIKE', '85,000', 12, 1, 1, 'CARTON', '', '102,000', 40, 0, 40, 0, 0, '', 2),
(85, 1, 1, 'VL1203', '6961110012038', 'BIKE', '128,000', 12, 1, 1, 'CARTON', '', '153,600', 50, 0, 50, 0, 0, '', 2),
(86, 1, 1, 'VL1204', '6961110012045', 'BIKE', '64,000', 12, 1, 1, 'CARTON', '', '76,800', 39, 0, 39, 0, 0, '', 2),
(87, 1, 1, 'VL1205', '6961110012052', 'BIKE', '61,000', 12, 1, 1, 'CARTON', '', '73,200', 0, 0, 0, 0, 0, '', 2),
(88, 1, 1, 'BG0120', '6284188801206', 'CHRISTMAS TREE 120CM', '6,000', 18, 1, 70, 'CARTON', '', '9,900', 4, 0, 280, 0, 0, '', 2),
(89, 1, 1, 'BG0180', '6284108801804', 'CHRISTMASS TREE 180 CM', '18,000', 18, 1, 12, 'CARTON', '', '22,500', 0, 0, 0, 0, 0, '', 2),
(90, 1, 1, 'BG02', '6951113922229', 'PAPER GARLAND', '0,300', 18, 1, 3000, 'OPP ', '', '0,500', 8, 0, 24000, 0, 0, '', 2),
(91, 1, 1, 'BG0210', '6284108802108', 'CHRISTMASS TREE 210 CM', '28,500', 18, 1, 9, 'CARTON', '', '32,500', 1, 1, 10, 0, 0, '', 2),
(92, 1, 1, 'BG03', '6951113922236', 'PAPER GARLAND', '2,150', 18, 1, 720, 'OPP ', '', '3,550', 7, 0, 5040, 0, 0, '', 2),
(93, 1, 1, 'BG031', '2011298140314', 'MASK', '3,000', 18, 0, 500, 'PVC-BAG', '', '4,950', 2, 380, 1380, 0, 0, '', 2),
(94, 1, 1, 'BG06', '', '', '', 0, 0, 0, '', '', '', 0, 108, 108, 0, 0, '', 2),
(95, 1, 1, 'BG060', '6284108880601', 'CHRISTMASS TREE 60 CM', '1,900', 18, 1, 150, 'CARTON', '', '3,150', 7, 0, 1050, 0, 0, '', 2),
(96, 1, 1, 'BG080', '6989756411800', 'PAPER FIREWORKS 80CM', '3,900', 18, 1, 50, 'NO', '', '6,450', 32, 0, 1600, 0, 0, '', 2),
(97, 1, 1, 'BG09', '6951113922090', 'PAPER GARLAND', '2,600', 18, 1, 480, 'PVC-BAG', '', '4,300', 0, 0, 0, 0, 0, '', 2),
(98, 1, 1, 'BG10', '6951113922106', 'PAPER GARLAND', '1,200', 18, 1, 2400, 'PVC-BAG', '', '2,000', 0, 0, 0, 0, 0, '', 2),
(99, 1, 1, 'BG100', '6900000000014', 'PAPER TUBE 100CM', '4,600', 18, 1, 50, 'NO', '', '6,000', 174, 0, 8700, 0, 0, '', 2),
(100, 1, 1, 'BG10008', '6913148100089', 'CHRISTMAS TINSEL', '0,400', 18, 1, 504, 'OPP', '', '0,700', 0, 0, 0, 0, 0, '', 2),
(101, 1, 1, 'BG10009', '6913148100096', 'CHRISTMAS TINSEL', '0,750', 18, 1, 504, 'OPP', '', '1,250', 1, 0, 504, 0, 0, '', 2),
(102, 1, 1, 'BG10010', '6961210010019', 'CHRISTMAS ', '1,200', 18, 1, 504, 'PVC-BAG', '', '2,000', 0, 705, 705, 0, 0, '', 2),
(103, 1, 1, 'BG10011', '6936119100116', 'CHRISTMAS ', '1,200', 18, 1, 504, 'PVC-BAG', '', '2,000', 2, 0, 1008, 0, 0, '', 2),
(104, 1, 1, 'BG10012', '8260675287454', 'CHRISTMAS MASK', '1,050', 18, 1, 1200, 'NO', '', '1,750', 0, 0, 0, 0, 0, '', 2),
(105, 1, 1, 'BG10012A', '6818505542932', 'CHRISTMAS MASK', '1,050', 18, 1, 1200, 'NO', '', '1,750', 0, 0, 0, 0, 0, '', 2),
(106, 1, 1, 'BG10014', '6942110100147', 'GARLAND LIGHT 28L', '6,500', 18, 1, 100, 'CARTON', '', '10,750', 2, 0, 200, 0, 0, '', 2),
(107, 1, 1, 'BG10015', '6961110010010', 'GARLAND LIGHT R 100 LED', '5,500', 18, 1, 100, 'CARTON', '', '7,500', 0, 0, 0, 0, 0, '', 2),
(108, 1, 1, 'BG10016', '6942110100161', 'GARLAND LIGHT B 100 LED', '5,500', 18, 1, 100, 'CARTON', '', '7,500', 0, 0, 0, 0, 0, '', 2),
(109, 1, 1, 'BG10017', '6942110100178', 'GARLAND LIGHT C 100 LED', '5,500', 18, 1, 100, 'CARTON', '', '7,500', 0, 0, 0, 0, 0, '', 2),
(110, 1, 1, 'BG10018', '6942110100185', 'GARLAND LIGHT W 100 LED', '5,500', 18, 1, 100, 'CARTON', '', '7,500', 0, 0, 0, 0, 0, '', 2),
(111, 1, 1, 'BG10019', '6900006100190', 'COW HAT', '0,850', 18, 1, 600, 'NO', '', '1,450', 0, 0, 0, 0, 0, '', 2),
(112, 1, 1, 'BG10020', '6900006100206', 'COW HAT', '0,850', 18, 1, 600, 'NO', '', '1,450', 0, 0, 0, 0, 0, '', 2),
(113, 1, 1, 'BG10021', '6961510010023', 'COW HAT', '0,850', 18, 1, 600, 'NO', '', '1,450', 0, 0, 0, 0, 0, '', 2),
(114, 1, 1, 'BG10028', '6985361160034', 'HAT BIRTHDAY', '1,850', 18, 0, 200, 'PVC-BAG', '', '3,100', 0, 0, 0, 0, 0, '', 2),
(115, 1, 1, 'BG10029', '6985361160041', 'HAT BIRTHDAY', '1,050', 18, 0, 400, 'PVC-BAG', '', '1,750', 0, 0, 0, 0, 0, '', 2),
(116, 1, 1, 'BG10030', '8607500100302', 'TRUMPET BIRTHDAY', '0,850', 18, 0, 300, 'PVC-BAG', '', '1,450', 0, 226, 226, 0, 0, '', 2),
(117, 1, 1, 'BG10031', '6961110010034', 'WHISTLE BIRTHDAY', '0,850', 18, 0, 300, 'PVC-BAG', '', '1,450', 0, 0, 0, 0, 0, '', 2),
(118, 1, 1, 'BG10032', '6961210010033', 'PLATE BIRTHDAY', '0,950', 18, 0, 400, 'PVC-BAG', '', '1,600', 4, 0, 1600, 0, 0, '', 2),
(119, 1, 1, 'BG10033', '6970067412341', 'TOWEL BIRTHDAY', '1,550', 18, 0, 300, 'PVC-BAG', '', '2,600', 1, 0, 300, 0, 0, '', 2),
(120, 1, 1, 'BG10034', '6961310010032', 'HALF MASK', '0,600', 18, 0, 600, 'PVC-BAG', '', '1,000', 0, 0, 0, 0, 0, '', 2),
(121, 1, 1, 'BG10035', '9331293070625', 'HALF MASK', '0,900', 18, 0, 600, 'PVC-BAG', '', '1,500', 0, 0, 0, 0, 0, '', 2),
(122, 1, 1, 'BG10036', '5012341812612', 'GARLAND BIRTHDAY', '0,950', 18, 1, 600, 'PVC-BAG', '', '1,600', 0, 0, 0, 0, 0, '', 2),
(123, 1, 1, 'BG10037', '8607500100371', 'GARLAND BIRTHDAY', '0,750', 18, 1, 600, 'PVC-BAG', '', '1,250', 0, 0, 0, 0, 0, '', 2),
(124, 1, 1, 'BG10038', '6912378100388', 'SLICK BIRTHDAY', '1,350', 18, 1, 600, 'PVC-BAG', '', '2,250', 1, 0, 600, 0, 0, '', 2),
(125, 1, 1, 'BG10039', '8607500100395', 'GARLAND BIRTHDAY', '1,500', 18, 1, 300, 'PVC-BAG', '', '2,500', 1, 0, 300, 0, 0, '', 2),
(126, 1, 1, 'BG10040', '5012341812582', 'GARLAND BIRTHDAY', '1,300', 18, 1, 300, 'PVC-BAG', '', '2,150', 1, 180, 480, 0, 0, '', 2),
(127, 1, 1, 'BG10041', '5012341812599', 'GARLAND BIRTHDAY', '1,550', 18, 1, 300, 'PVC-BAG', '', '2,600', 1, 180, 480, 0, 0, '', 2),
(128, 1, 0, 'BG10043', '6961110010041', 'CANDLE BIRTHDAY', '1,850', 18, 1, 360, 'BLISTER', '', '3,100', 4, 0, 1440, 0, 0, '', 2),
(129, 1, 0, 'BG10044-0', '6341517006593', 'CANDLE N 0', '0,550', 18, 1, 900, 'PVC-BAG', '', '1,000', 2, 0, 1800, 0, 0, '', 2),
(130, 1, 0, 'BG10044-1', '', 'CANDLE N 1', '0,550', 18, 1, 900, 'PVC-BAG', '', '1,000', 6, 0, 5400, 0, 0, '', 2),
(131, 1, 0, 'BG10044-2', '', 'CANDLE N 2', '0,550', 18, 1, 900, 'PVC-BAG', '', '1,000', 5, 0, 4499, 0, 0, '', 2),
(132, 1, 0, 'BG10044-3', '', 'CANDLE N 3', '0,550', 18, 1, 900, 'PVC-BAG', '', '1,000', 2, 0, 1800, 0, 0, '', 2),
(133, 1, 0, 'BG10044-4', '', 'CANDLE N 4', '0,550', 18, 1, 900, 'PVC-BAG', '', '1,000', 2, 0, 1800, 0, 0, '', 2),
(134, 1, 0, 'BG10044-5', '', 'CANDLE N 5', '0,550', 18, 1, 900, 'PVC-BAG', '', '1,000', 2, 0, 1800, 0, 0, '', 2),
(135, 1, 0, 'BG10044-6', '', 'CANDLE N 6', '0,550', 18, 1, 900, 'PVC-BAG', '', '1,000', 2, 0, 1800, 0, 0, '', 2),
(136, 1, 0, 'BG10044-7', '', 'CANDLE N 7', '0,550', 18, 1, 900, 'PVC-BAG', '', '1,000', 0, 0, 0, 0, 0, '', 2),
(137, 1, 1, 'BG10044-8', '', 'CANDLE N 8', '0,550', 18, 1, 900, 'PVC-BAG', '', '1,000', 0, 0, 0, 0, 0, '', 2),
(138, 1, 1, 'BG10044-9', '', 'CANDLE N 9', '0,550', 18, 1, 900, 'PVC-BAG', '', '1,000', 0, 0, 0, 0, 0, '', 2),
(139, 1, 1, 'BG10045', '6985361160027', 'SETS BIRTHDAY', '4,800', 18, 1, 48, 'PVC-BAG', '', '7,950', 13, 0, 624, 0, 0, '', 2),
(140, 1, 1, 'BG10046', '6901874100466', 'CHRISTMAS GARLAND', '0,700', 18, 1, 1200, 'PVC-BAG', '', '1,200', 1, 0, 1200, 0, 0, '', 2),
(141, 1, 1, 'BG10047', '6901874100473', 'CHRISTMAS GARLAND', '0,700', 18, 1, 1200, 'PVC-BAG', '', '1,200', 0, 960, 960, 0, 0, '', 2),
(142, 1, 1, 'BG10048', '6901874100480', 'CHRISTMAS GARLAND', '0,700', 18, 1, 1200, 'PVC-BAG', '', '1,200', 2, 0, 2400, 0, 0, '', 2),
(143, 1, 1, 'BG10049', '6901874100497', 'CHRISTMAS GARLAND', '0,650', 18, 1, 1200, 'PVC-BAG', '', '1,100', 0, 0, 0, 0, 0, '', 2),
(144, 1, 1, 'BG10050', '6901874100503', 'CHRISTMAS GARLAND', '0,650', 18, 1, 1200, 'PVC-BAG', '', '1,100', 0, 882, 882, 0, 0, '', 2),
(145, 1, 1, 'BG10051', '6901874100510', 'CHRISTMAS GARLAND', '1,200', 18, 1, 600, 'PVC-BAG', '', '2,000', 1, 288, 888, 0, 0, '', 2),
(146, 1, 1, 'BG10052', '6901874100527', 'CHRISTMAS GARLAND', '1,200', 18, 1, 600, 'PVC-BAG', '', '2,000', 1, 348, 948, 0, 0, '', 2),
(147, 1, 1, 'BG10053', '6901874100534', 'CHRISTMAS GARLAND', '1,200', 18, 1, 600, 'OPP', '', '2,000', 1, 360, 960, 0, 0, '', 2),
(148, 1, 1, 'BG10054', '6901874100541', 'CHRISTMAS TINSEL', '0,500', 18, 1, 1200, 'OPP', '', '0,850', 0, 0, 0, 0, 0, '', 2),
(149, 1, 1, 'BG10055', '6901874100558', 'GUIRLANDE TINSEL', '0,600', 18, 1, 1200, 'CARTON', '', '1,000', 0, 0, 0, 0, 0, '', 2),
(150, 1, 1, 'BG10056', '1234563565525', 'LED FLOWER', '28,500', 18, 1, 40, 'CARTON', '', '47,050', 3, 0, 120, 0, 0, '', 2),
(151, 1, 1, 'BG10057', '1234563565570', 'LED WHITE GARLAND', '28,500', 18, 1, 40, 'OPP', '', '47,050', 2, 0, 80, 0, 0, '', 2),
(152, 1, 1, 'BG10058', '8857950100586', 'CHRISTMAS GARLAND', '0,950', 18, 1, 300, 'PVC-BAG', '', '1,600', 0, 0, 0, 0, 0, '', 2),
(153, 1, 1, 'BG10059', '8857950100593', 'CHRISTMAS FLOWER', '2,200', 18, 1, 600, 'PVC-BAG', '', '3,650', 2, 0, 1200, 0, 0, '', 2),
(154, 1, 1, 'BG10060', '8857950100609', 'CHRISTMAS BALL ', '1,050', 18, 1, 1000, 'PVC-BAG', '', '1,750', 1, 372, 1372, 0, 0, '', 2),
(155, 1, 1, 'BG10061', '8857950100616', 'CHRISTMAS FLOWER', '1,600', 18, 1, 300, 'OPP', '', '2,650', 2, 0, 600, 0, 0, '', 2),
(156, 1, 1, 'BG10062', '8857950100623', 'BALL CHRISTMAS', '0,500', 18, 1, 600, 'OPP', '', '0,850', 0, 0, 0, 0, 0, '', 2),
(157, 1, 1, 'BG10063', '6985541100638', 'MIXED FACE MASK', '0,300', 18, 1, 2400, 'NO', '', '0,500', 0, 0, 0, 0, 0, '', 2),
(158, 1, 1, 'BG10064', '6922479100644', 'CROWN', '0,750', 18, 1, 600, 'PVC-BAG', '', '1,250', 0, 0, 0, 0, 0, '', 2),
(159, 1, 1, 'BG10065', '6922479100651', 'CROWN WITH LIGHT', '1,050', 18, 1, 300, 'PVC-BAG', '', '1,750', 0, 276, 276, 0, 0, '', 2),
(160, 1, 1, 'BG10066', '6342151105819', 'HALF MASK', '1,350', 18, 0, 600, 'PVC-BAG', '', '2,250', 3, 0, 1800, 0, 0, '', 2),
(161, 1, 1, 'BG10067', '6927404248941', 'WHISTLE', '1,000', 18, 0, 240, 'PVC-BAG', '', '1,650', 4, 0, 960, 0, 0, '', 2),
(162, 1, 1, 'BG10068', '6927404248958', 'TRUMPET', '1,250', 18, 0, 300, 'PVC-BAG', '', '2,100', 0, 0, 0, 0, 0, '', 2),
(163, 1, 1, 'BG10069', '6854652893572', 'LASER CAP 20 CM', '1,450', 18, 0, 100, 'PVC-BAG', '', '2,400', 2, 0, 200, 0, 0, '', 2),
(164, 1, 1, 'BG10070', '6854652893701', 'LASER CAP 24 CM', '1,850', 18, 0, 100, 'PVC-BAG', '', '3,100', 3, 0, 300, 0, 0, '', 2),
(165, 1, 1, 'BG10071', '6854652893718', 'LASER CAP 34 CM', '2,650', 18, 0, 84, 'PVC-BAG', '', '4,400', 1, 0, 84, 0, 0, '', 2),
(166, 1, 1, 'BG10076', '8558300951789', 'CANDLE ONLY 1-6', '0,900', 18, 1, 600, 'BLISTER', '', '1,500', 0, 0, 0, 0, 0, '', 2),
(167, 1, 1, 'BG10078', '6961110010072', 'CANDLE', '0,900', 18, 1, 288, 'BLISTER', '', '1,500', 3, 0, 864, 0, 0, '', 2),
(168, 1, 1, 'BG11', '6951113922113', 'PAPER GARLAND', '2,100', 18, 1, 960, 'OPP ', '', '4,500', 0, 0, 0, 0, 0, '', 2),
(169, 1, 1, 'BG110500058', '6933110500587', 'PARTY PACK', '7,100', 18, 1, 50, 'PVC-BAG', '', '11,750', 28, 0, 1400, 0, 0, '', 2),
(170, 1, 1, 'BG110568', '6933141105683', 'PARTY PACK', '7,500', 18, 1, 50, 'PVC-BAG', '', '12,400', 18, 0, 900, 0, 0, '', 2),
(171, 1, 1, 'BG110688A', '6933141106888', 'PARTY PACK', '9,500', 18, 1, 50, 'PVC-BAG', '', '15,700', 3, 0, 150, 0, 0, '', 2),
(172, 1, 1, 'BG12', '6951113922120', 'PAPER GARLAND', '1,300', 18, 1, 2400, 'OPP ', '', '2,150', 0, 0, 0, 0, 0, '', 2),
(173, 1, 1, 'BG121', '2181828030023', 'EYEGLASS WITH LONG BLOW', '5,950', 18, 0, 300, 'PVC-BAG', '', '9,850', 3, 168, 1068, 0, 0, '', 2),
(174, 1, 1, 'BG12258', '2011298122587', 'MASK', '2,200', 18, 0, 600, 'PVC-BAG', '', '3,650', 2, 222, 1422, 0, 0, '', 2),
(175, 1, 1, 'BG1237', '6961110012373', 'PAPER PLATE', '1,000', 18, 1, 300, 'PVC-BAG', '', '1,650', 0, 0, 0, 0, 0, '', 2),
(176, 1, 1, 'BG13', '6951113922137', 'PAPER GARLAND', '2,200', 18, 1, 2400, 'OPP ', '', '3,650', 0, 0, 0, 0, 0, '', 2),
(177, 1, 1, 'BG13208', '2011298132081', 'MASK', '3,050', 18, 0, 1000, 'PVC-BAG', '', '5,050', 1, 205, 1205, 0, 0, '', 2),
(178, 1, 1, 'BG13213', '2011298132135', 'MASK', '2,850', 18, 0, 1000, 'PVC-BAG', '', '4,750', 0, 0, 0, 0, 0, '', 2),
(179, 1, 1, 'BG14243', '6920110142435', 'LONG BLOW', '2,150', 18, 0, 400, 'PVC-BAG', '', '3,550', 3, 160, 1360, 0, 0, '', 2),
(180, 1, 1, 'BG1462-4', '2011298146248', 'HAT', '1,900', 18, 1, 200, 'PVC-BAG', '', '3,150', 2, 0, 400, 0, 0, '', 2),
(181, 1, 1, 'BG1462-5-6', '2011298146255', 'PAPER GARLAND', '3,000', 18, 0, 50, 'PVC-BAG', '', '4,950', 4, 0, 200, 0, 0, '', 2),
(182, 1, 1, 'BG1462-6', '2011298146262', 'HAT', '3,000', 18, 0, 50, 'PVC-BAG', '', '4,950', 4, 0, 200, 0, 0, '', 2),
(183, 1, 1, 'BG1462-7', '2011298146279', 'HAT', '4,150', 18, 0, 50, 'PVC-BAG', '', '6,850', 16, 0, 800, 0, 0, '', 2),
(184, 1, 1, 'BG1499-1', '2011298149911', 'TISSUE', '1,750', 18, 1, 400, 'PVC-BAG', '', '2,900', 14, 0, 5600, 0, 0, '', 2),
(185, 1, 1, 'BG1499-2', '2011298149928', 'PAPER PLATE', '2,400', 18, 0, 200, 'PVC-BAG', '', '4,000', 4, 0, 800, 0, 0, '', 2),
(186, 1, 1, 'BG1499-3', '2011298149935', 'MASK', '2,400', 18, 0, 600, 'PVC-BAG', '', '4,000', 5, 244, 3244, 0, 0, '', 2),
(187, 1, 1, 'BG1499-4', '2011298149942', 'MASK', '2,500', 18, 0, 600, 'PVC-BAG', '', '4,150', 2, 88, 1288, 0, 0, '', 2),
(188, 1, 1, 'BG1499-5', '2011298149959', 'LETTER BANNER', '1,450', 18, 1, 600, 'PVC-BAG', '', '2,400', 8, 0, 4800, 0, 0, '', 2),
(189, 1, 1, 'BG1499-6', '2011298114964', 'LETTER BANNER', '3,000', 18, 1, 600, 'PVC-BAG', '', '4,950', 2, 198, 1398, 0, 0, '', 2),
(190, 1, 1, 'BG1499-9', '7903110149993', 'CROWN', '0,900', 18, 1, 1200, 'PVC-BAG', '', '1,500', 2, 0, 2400, 0, 0, '', 2),
(191, 1, 1, 'BG15', '6951113922151', 'PAPER GARLAND', '1,800', 18, 1, 480, 'PVC-BAG', '', '3,000', 7, 0, 3360, 0, 0, '', 2),
(192, 1, 1, 'BG16', '6951113922168', 'PAPER GARLAND', '2,350', 18, 1, 960, 'PVC-BAG', '', '3,900', 2, 0, 1920, 0, 0, '', 2),
(193, 1, 1, 'BG17', '6951113922175', 'PAPER GARLAND', '2,600', 18, 1, 960, 'PVC-BAG', '', '4,300', 1, 466, 1426, 0, 0, '', 2),
(194, 1, 1, 'BG18', '6951221922210', 'PAPER GARLAND', '2,400', 18, 1, 960, 'PVC-BAG', '', '4,000', 3, 564, 3444, 0, 0, '', 2),
(195, 1, 1, 'BG1821', '6682838968727', 'CANDLE', '1,000', 18, 1, 600, 'BLISTER', '', '1,650', 3, 0, 1800, 0, 0, '', 2),
(196, 1, 1, 'BG1822', '6961110018221', 'CANDLE', '1,000', 18, 1, 600, 'BLISTER', '', '1,650', 2, 0, 1200, 0, 0, '', 2),
(197, 1, 1, 'BG18690', '', '', '', 0, 0, 300, '', '', '', 1, 431, 731, 0, 0, '', 2),
(198, 1, 1, 'BG19', '6951221922227', 'HAPPY HORN', '2,400', 18, 1, 1200, 'PVC-BAG', '', '4,000', 2, 0, 2400, 0, 0, '', 2),
(199, 1, 1, 'BG1954-1', '6933110195417', 'HAPPY HORN', '2,400', 18, 0, 180, 'PVC-BAG', '', '4,000', 10, 0, 1800, 0, 0, '', 2),
(200, 1, 1, 'BG1954-2', '6933110195424', 'POSTER', '1,650', 18, 1, 600, 'PVC-BAG', '', '2,750', 18, 0, 10800, 0, 0, '', 2),
(201, 1, 1, 'BG1954-3', '6933110195431', 'PENDANT', '18,900', 18, 1, 100, 'BLISTER', '', '21,200', 2, 0, 200, 0, 0, '', 2),
(202, 1, 1, 'BG1954-5', '6933110195455', 'STRAW', '2,400', 18, 0, 300, 'PVC-BAG', '', '4,000', 2, 235, 835, 0, 0, '', 2),
(203, 1, 1, 'BG1955', '6961110019556', 'LONG BLOW', '1,300', 18, 1, 500, 'PVC-BAG', '', '2,150', 0, 430, 430, 0, 0, '', 2),
(204, 1, 1, 'BG20', '6951113922205', 'PAPER GARLAND', '1,550', 18, 1, 960, 'PVC-BAG', '', '2,600', 4, 170, 4010, 0, 0, '', 2),
(205, 1, 1, 'BG21', '6951113922212', 'PAPER GARLAND', '1,800', 18, 1, 720, 'OPP', '', '3,000', 2, 0, 1440, 0, 0, '', 2),
(206, 1, 1, 'BG24-1', '2011298142417', 'HAT', '3,000', 18, 0, 50, 'PVC-BAG', '', '4,950', 24, 0, 1200, 0, 0, '', 2),
(207, 1, 1, 'BG24-2', '2011298142424', 'HAT', '3,000', 18, 0, 50, 'PVC-BAG', '', '4,950', 40, 0, 2000, 0, 0, '', 2),
(208, 1, 1, 'BG245', '6949393002458', 'BUTTERFLY', '3,000', 18, 1, 200, 'PVC-BAG', '', '4,950', 10, 0, 2000, 0, 0, '', 2),
(209, 1, 1, 'BG2544', '6961110025441', 'PARTY SUPPLIES', '4,800', 18, 1, 300, 'PVC-BAG', '', '7,950', 1, 0, 300, 0, 0, '', 2),
(210, 1, 1, 'BG2545', '6961110025458', 'BOWKNOT', '0,600', 18, 1, 2400, 'PVC-BAG', '', '1,000', 1, 0, 2400, 0, 0, '', 2),
(211, 1, 1, 'BG2546', '6961110025465', 'TIE', '0,800', 18, 1, 1440, 'PVC-BAG', '', '1,350', 4, 0, 5760, 0, 0, '', 2),
(212, 1, 1, 'BG34-1', '2011298143414', 'HAT', '4,150', 18, 0, 50, 'PVC-BAG', '', '6,850', 11, 0, 550, 0, 0, '', 2),
(213, 1, 1, 'BG357', '6961110003579', 'CANDLE', '1,200', 18, 1, 288, 'BLISTER', '', '2,000', 1, 0, 288, 0, 0, '', 2),
(214, 1, 1, 'BG357-11', '6933729004285', 'CANDLE', '1,750', 18, 1, 360, 'BLISTER', '', '2,900', 9, 0, 3240, 0, 0, '', 2),
(215, 1, 1, 'BG357-12', '6961110035716', 'CANDLE', '1,850', 18, 1, 288, 'BLISTER', '', '3,100', 3, 0, 864, 0, 0, '', 2),
(216, 1, 1, 'BG359-1-2', '', '', '', 0, 0, 600, '', '', '', 1, 0, 600, 0, 0, '', 2),
(217, 1, 1, 'BG360-0-9', '6961110036003', 'CANDLE', '0,650', 18, 1, 600, 'BLISTER', '', '1,100', 5, 0, 3000, 0, 0, '', 2),
(218, 1, 1, 'BG40', '6953897546929', 'PAPER FIREWORKS 40CM', '2,500', 18, 1, 100, 'NO', '', '4,150', 40, 0, 4000, 0, 0, '', 2),
(219, 1, 1, 'BG40-1', '6900000000052', 'FIREWORKS 40 CM', '2,500', 18, 1, 100, 'NO', '', '4,150', 47, 0, 4700, 0, 0, '', 2),
(220, 1, 1, 'BG4501', '6961110045012', 'SNOW SPRAY', '1,500', 18, 1, 48, 'NO', '', '2,500', 0, 0, 0, 0, 0, '', 2),
(221, 1, 1, 'BG4502', '696110045029', 'SNOW SPRAY', '2,200', 18, 1, 48, 'NO', '', '3,650', 0, 0, 0, 0, 0, '', 2),
(222, 1, 1, 'BG4503', '6961110045036', 'PARTY STRING', '1,500', 18, 1, 48, 'NO', '', '2,500', 0, 0, 0, 0, 0, '', 2),
(223, 1, 1, 'BG4504', '696110045043', 'PARTY STRING', '2,750', 18, 1, 48, 'NO', '', '4,550', 8, 0, 384, 0, 0, '', 2),
(224, 1, 1, 'BG60', '6900000000038', 'FIREWORKS 60 CM', '3,100', 18, 1, 60, 'NO', '', '5,150', 27, 0, 1620, 0, 0, '', 2),
(225, 1, 1, 'BG6032-1', '6989756410407', 'PAPER GARLAND', '2,150', 18, 1, 400, 'OPP', '', '3,550', 0, 0, 0, 0, 0, '', 2),
(226, 1, 1, 'BG6033', '6961110060336', 'PAPER GARLAND', '1,250', 18, 1, 360, 'OPP', '', '2,100', 0, 0, 0, 0, 0, '', 2),
(227, 1, 1, 'BG6034', '6961110060343', 'PAPER GARLAND', '1,250', 18, 1, 360, 'OPP', '', '2,100', 0, 0, 0, 0, 0, '', 2),
(228, 1, 1, 'BG6136-120', '', 'SAPIN', '', 0, 0, 50, '', '', '', 5, 0, 250, 0, 0, '', 2),
(229, 1, 1, 'BG80', '', '', '3,900', 18, 1, 60, 'NO', '', '6,450', 88, 0, 5280, 0, 0, '', 2),
(230, 1, 1, 'BG8163', '6961110081638', 'LONG BLOW', '1,300', 18, 1, 600, 'PVC-BAG', '', '2,150', 3, 0, 1800, 0, 0, '', 2),
(231, 1, 1, 'BG8164', '6961110081645', 'LONG BLOW', '1,250', 18, 1, 250, 'PVC-BAG', '', '2,100', 5, 0, 1250, 0, 0, '', 2),
(232, 1, 1, 'BG8165', '6961110081652', 'HORN', '1,500', 18, 1, 250, 'PVC-BAG', '', '2,500', 3, 120, 870, 0, 0, '', 2),
(233, 1, 1, 'BG8501', '2010051200012', 'EYEGLASS WITH BLOWER', '1,200', 18, 1, 600, 'PVC-BAG', '', '2,000', 4, 0, 2400, 0, 0, '', 2),
(234, 1, 1, 'BG8501', '', '', '1,200', 18, 1, 576, 'PVC-BAG', '', '2,000', 3, 186, 1914, 0, 0, '', 2),
(235, 1, 1, 'BG8716', '6961110087166', 'CAKE FIREWORKS', '4,000', 18, 1, 300, 'PVC-BAG', '', '6,600', 0, 0, 0, 0, 0, '', 2),
(236, 1, 1, 'BG8718', '6961110087180', 'PARTY POPPER', '2,050', 18, 1, 300, 'PVC-BAG', '', '3,400', 5, 0, 1500, 0, 0, '', 2),
(237, 1, 1, 'BG8719', '6961110087197', 'PARTY POPPER', '1,900', 18, 1, 300, 'PVC-BAG', '', '3,150', 5, 0, 1500, 0, 0, '', 2),
(238, 1, 1, 'GST025430054', '2012211628155', 'EYEGLASS', '1,400', 18, 1, 480, 'BLISTER', '', '2,350', 0, 0, 0, 0, 0, '', 2),
(316, 2, 4, 'GST003330040', '""', 'CAR', '"49', NULL, NULL, NULL, NULL, '500"', '"49', NULL, NULL, 500, NULL, 0, NULL, 2),
(315, 2, 3, 'GST003330039', '""', 'CAR', '"49', NULL, NULL, NULL, NULL, '500"', '"49', NULL, NULL, 500, NULL, 0, NULL, 2),
(314, 2, 2, 'GST002870001', '""', 'TRUMPET', '"0', NULL, NULL, NULL, NULL, '650"', '"0', NULL, NULL, 650, NULL, 0, NULL, 2),
(313, 2, 1, 'GST002350007', '""', 'B/O PLANE', '"26', NULL, NULL, NULL, NULL, '000"', '"26', NULL, NULL, 0, NULL, 0, NULL, 2),
(317, 2, 5, 'GST007090001', '""', 'FRICTION CAR', '"10', NULL, NULL, NULL, NULL, '600"', '"10', NULL, NULL, 600, NULL, 0, NULL, 2),
(319, 1, NULL, 'BG02', NULL, NULL, NULL, NULL, NULL, NULL, NULL, NULL, NULL, NULL, NULL, 2430, NULL, NULL, NULL, 2),
(318, 2, NULL, '', NULL, NULL, NULL, NULL, NULL, NULL, NULL, NULL, NULL, NULL, NULL, NULL, NULL, 0, NULL, 2),
(301, 1, 1, 'GST002350007', '""', 'B/O PLANE', '"26', NULL, NULL, NULL, NULL, '000"', '"26', NULL, NULL, NULL, NULL, 0, NULL, 2),
(302, 1, 2, 'GST002870001', '""', 'TRUMPET', '"0', NULL, NULL, NULL, NULL, '650"', '"0', NULL, NULL, NULL, NULL, 0, NULL, 2),
(303, 1, 3, 'GST003330039', '""', 'CAR', '"49', NULL, NULL, NULL, NULL, '500"', '"49', NULL, NULL, NULL, NULL, 0, NULL, 2),
(304, 1, 4, 'GST003330040', '""', 'CAR', '"49', NULL, NULL, NULL, NULL, '500"', '"49', NULL, NULL, NULL, NULL, 0, NULL, 2),
(305, 1, 5, 'GST007090001', '""', 'FRICTION CAR', '"10', NULL, NULL, NULL, NULL, '600"', '"10', NULL, NULL, NULL, NULL, 0, NULL, 2),
(307, 1, 1, 'GST002350007', '""', 'B/O PLANE', '"26', NULL, NULL, NULL, NULL, '000"', '"26', NULL, NULL, 0, NULL, 0, NULL, 2),
(308, 1, 2, 'GST002870001', '""', 'TRUMPET', '"0', NULL, NULL, NULL, NULL, '650"', '"0', NULL, NULL, 650, NULL, 0, NULL, 2),
(309, 1, 3, 'GST003330039', '""', 'CAR', '"49', NULL, NULL, NULL, NULL, '500"', '"49', NULL, NULL, 500, NULL, 0, NULL, 2),
(310, 1, 4, 'GST003330040', '""', 'CAR', '"49', NULL, NULL, NULL, NULL, '500"', '"49', NULL, NULL, 500, NULL, 0, NULL, 2),
(311, 1, 5, 'GST007090001', '""', 'FRICTION CAR', '"10', NULL, NULL, NULL, NULL, '600"', '"10', NULL, NULL, 600, NULL, 0, NULL, 2);

-- --------------------------------------------------------

--
-- Structure de la table `sales`
--

CREATE TABLE IF NOT EXISTS `sales` (
  `sale_id` int(10) unsigned NOT NULL AUTO_INCREMENT,
  `type_vente` int(11) NOT NULL DEFAULT '2' COMMENT '1: gros , 2 detail',
  `point_vente_id` int(10) unsigned NOT NULL,
  `user_id` int(10) unsigned NOT NULL,
  `time` timestamp NOT NULL DEFAULT '0000-00-00 00:00:00',
  `sum` decimal(6,2) NOT NULL,
  `paiement_id` int(10) NOT NULL DEFAULT '0',
  `is_active` tinyint(4) NOT NULL DEFAULT '0',
  PRIMARY KEY (`sale_id`),
  KEY `sales_user_id_foreign` (`user_id`)
) ENGINE=InnoDB  DEFAULT CHARSET=utf8 COLLATE=utf8_unicode_ci AUTO_INCREMENT=1907 ;

--
-- Contenu de la table `sales`
--

INSERT INTO `sales` (`sale_id`, `type_vente`, `point_vente_id`, `user_id`, `time`, `sum`, `paiement_id`, `is_active`) VALUES
(122, 2, 1, 1, '0000-00-00 00:00:00', '0.00', 0, 0),
(123, 2, 1, 1, '0000-00-00 00:00:00', '0.00', 0, 0),
(124, 2, 1, 1, '0000-00-00 00:00:00', '0.00', 0, 0),
(125, 2, 1, 1, '0000-00-00 00:00:00', '0.00', 0, 0),
(126, 2, 1, 1, '0000-00-00 00:00:00', '0.00', 0, 0),
(127, 2, 1, 1, '0000-00-00 00:00:00', '0.00', 0, 0),
(128, 2, 1, 1, '0000-00-00 00:00:00', '0.00', 0, 0),
(129, 2, 1, 1, '0000-00-00 00:00:00', '0.00', 0, 0),
(130, 2, 1, 1, '0000-00-00 00:00:00', '0.00', 0, 0),
(131, 2, 1, 1, '0000-00-00 00:00:00', '0.00', 0, 0),
(132, 2, 1, 1, '0000-00-00 00:00:00', '0.00', 0, 0),
(133, 2, 1, 1, '0000-00-00 00:00:00', '0.00', 0, 0),
(134, 2, 1, 1, '0000-00-00 00:00:00', '0.00', 0, 0),
(135, 2, 1, 1, '0000-00-00 00:00:00', '0.00', 0, 0),
(136, 2, 1, 1, '0000-00-00 00:00:00', '0.00', 0, 0),
(137, 2, 1, 1, '0000-00-00 00:00:00', '0.00', 0, 0),
(138, 2, 1, 1, '0000-00-00 00:00:00', '0.00', 0, 0),
(139, 2, 1, 1, '0000-00-00 00:00:00', '0.00', 0, 0),
(140, 2, 1, 1, '0000-00-00 00:00:00', '0.00', 0, 0),
(141, 2, 1, 1, '0000-00-00 00:00:00', '0.00', 0, 0),
(142, 2, 1, 1, '0000-00-00 00:00:00', '0.00', 0, 0),
(143, 2, 1, 1, '0000-00-00 00:00:00', '0.00', 0, 0),
(144, 2, 1, 1, '0000-00-00 00:00:00', '0.00', 0, 0),
(145, 2, 1, 1, '0000-00-00 00:00:00', '0.00', 0, 0),
(146, 2, 1, 1, '0000-00-00 00:00:00', '0.00', 0, 0),
(147, 2, 1, 1, '0000-00-00 00:00:00', '0.00', 0, 0),
(148, 2, 1, 1, '0000-00-00 00:00:00', '0.00', 0, 0),
(149, 2, 1, 1, '0000-00-00 00:00:00', '0.00', 0, 0),
(150, 2, 1, 1, '0000-00-00 00:00:00', '0.00', 0, 0),
(151, 2, 1, 1, '0000-00-00 00:00:00', '0.00', 0, 0),
(152, 2, 1, 1, '0000-00-00 00:00:00', '0.00', 0, 0),
(153, 2, 1, 1, '0000-00-00 00:00:00', '0.00', 0, 0),
(154, 2, 1, 1, '0000-00-00 00:00:00', '0.00', 0, 0),
(155, 2, 1, 1, '0000-00-00 00:00:00', '0.00', 0, 0),
(156, 2, 1, 1, '0000-00-00 00:00:00', '0.00', 0, 0),
(157, 2, 1, 1, '0000-00-00 00:00:00', '0.00', 0, 0),
(158, 2, 1, 1, '0000-00-00 00:00:00', '0.00', 0, 0),
(159, 2, 1, 1, '0000-00-00 00:00:00', '0.00', 0, 0),
(160, 2, 1, 1, '0000-00-00 00:00:00', '0.00', 0, 0),
(161, 2, 1, 1, '0000-00-00 00:00:00', '0.00', 0, 0),
(162, 2, 1, 1, '0000-00-00 00:00:00', '0.00', 0, 0),
(163, 2, 1, 1, '0000-00-00 00:00:00', '0.00', 0, 0),
(164, 2, 1, 1, '0000-00-00 00:00:00', '0.00', 0, 0),
(165, 2, 1, 1, '0000-00-00 00:00:00', '0.00', 0, 0),
(166, 2, 1, 1, '0000-00-00 00:00:00', '0.00', 0, 0),
(167, 2, 1, 1, '0000-00-00 00:00:00', '0.00', 0, 0),
(168, 2, 1, 1, '0000-00-00 00:00:00', '0.00', 0, 0),
(169, 2, 1, 1, '0000-00-00 00:00:00', '0.00', 0, 0),
(170, 2, 1, 1, '0000-00-00 00:00:00', '0.00', 0, 0),
(171, 2, 1, 1, '0000-00-00 00:00:00', '0.00', 0, 0),
(172, 2, 1, 1, '0000-00-00 00:00:00', '0.00', 0, 0),
(173, 2, 1, 1, '0000-00-00 00:00:00', '0.00', 0, 0),
(174, 2, 1, 1, '0000-00-00 00:00:00', '0.00', 0, 0),
(175, 2, 1, 1, '0000-00-00 00:00:00', '0.00', 0, 0),
(176, 2, 1, 1, '0000-00-00 00:00:00', '0.00', 0, 0),
(177, 2, 1, 1, '0000-00-00 00:00:00', '0.00', 0, 0),
(178, 2, 1, 1, '0000-00-00 00:00:00', '0.00', 0, 0),
(179, 2, 1, 1, '0000-00-00 00:00:00', '0.00', 0, 0),
(180, 2, 1, 1, '0000-00-00 00:00:00', '0.00', 0, 0),
(181, 2, 1, 1, '0000-00-00 00:00:00', '0.00', 0, 0),
(182, 2, 1, 1, '0000-00-00 00:00:00', '0.00', 0, 0),
(183, 2, 1, 1, '0000-00-00 00:00:00', '0.00', 0, 0),
(184, 2, 1, 1, '0000-00-00 00:00:00', '0.00', 0, 0),
(185, 2, 1, 1, '0000-00-00 00:00:00', '0.00', 0, 0),
(186, 2, 1, 1, '0000-00-00 00:00:00', '0.00', 0, 0),
(187, 2, 1, 1, '0000-00-00 00:00:00', '0.00', 0, 0),
(188, 2, 1, 1, '0000-00-00 00:00:00', '0.00', 0, 0),
(189, 2, 1, 1, '0000-00-00 00:00:00', '0.00', 0, 0),
(190, 2, 1, 1, '0000-00-00 00:00:00', '0.00', 0, 0),
(191, 2, 1, 1, '0000-00-00 00:00:00', '0.00', 0, 0),
(192, 2, 1, 1, '0000-00-00 00:00:00', '0.00', 0, 0),
(193, 2, 1, 1, '0000-00-00 00:00:00', '0.00', 0, 0),
(194, 2, 1, 1, '0000-00-00 00:00:00', '0.00', 0, 0),
(195, 2, 1, 1, '0000-00-00 00:00:00', '0.00', 0, 0),
(196, 2, 1, 1, '0000-00-00 00:00:00', '0.00', 0, 0),
(197, 2, 1, 1, '0000-00-00 00:00:00', '0.00', 0, 0),
(198, 2, 1, 1, '0000-00-00 00:00:00', '0.00', 0, 0),
(199, 2, 1, 1, '0000-00-00 00:00:00', '0.00', 0, 0),
(200, 2, 1, 1, '0000-00-00 00:00:00', '0.00', 0, 0),
(201, 2, 1, 1, '0000-00-00 00:00:00', '0.00', 0, 0),
(202, 2, 1, 1, '0000-00-00 00:00:00', '0.00', 0, 0),
(203, 2, 1, 1, '0000-00-00 00:00:00', '0.00', 0, 0),
(204, 2, 1, 1, '0000-00-00 00:00:00', '0.00', 0, 0),
(205, 2, 1, 1, '0000-00-00 00:00:00', '0.00', 0, 0),
(206, 2, 1, 1, '0000-00-00 00:00:00', '0.00', 0, 0),
(207, 2, 1, 1, '0000-00-00 00:00:00', '0.00', 0, 0),
(208, 2, 1, 1, '0000-00-00 00:00:00', '0.00', 0, 0),
(209, 2, 1, 1, '0000-00-00 00:00:00', '0.00', 0, 0),
(210, 2, 1, 1, '0000-00-00 00:00:00', '0.00', 0, 0),
(211, 2, 1, 1, '0000-00-00 00:00:00', '0.00', 0, 0),
(212, 2, 1, 1, '0000-00-00 00:00:00', '0.00', 0, 0),
(213, 2, 1, 1, '0000-00-00 00:00:00', '0.00', 0, 0),
(214, 2, 1, 1, '0000-00-00 00:00:00', '0.00', 0, 0),
(215, 2, 1, 1, '0000-00-00 00:00:00', '0.00', 0, 0),
(216, 2, 1, 1, '0000-00-00 00:00:00', '0.00', 0, 0),
(217, 2, 1, 1, '0000-00-00 00:00:00', '0.00', 0, 0),
(218, 2, 1, 1, '0000-00-00 00:00:00', '0.00', 0, 0),
(219, 2, 1, 1, '0000-00-00 00:00:00', '0.00', 0, 0),
(220, 2, 1, 1, '0000-00-00 00:00:00', '0.00', 0, 0),
(221, 2, 1, 1, '0000-00-00 00:00:00', '0.00', 0, 0),
(222, 2, 1, 1, '0000-00-00 00:00:00', '0.00', 0, 0),
(223, 2, 1, 1, '0000-00-00 00:00:00', '0.00', 0, 0),
(224, 2, 1, 1, '0000-00-00 00:00:00', '0.00', 0, 0),
(225, 2, 1, 1, '0000-00-00 00:00:00', '0.00', 0, 0),
(226, 2, 1, 1, '0000-00-00 00:00:00', '0.00', 0, 0),
(227, 2, 1, 1, '0000-00-00 00:00:00', '0.00', 0, 0),
(228, 2, 1, 1, '0000-00-00 00:00:00', '0.00', 0, 0),
(229, 2, 1, 1, '0000-00-00 00:00:00', '0.00', 0, 0),
(230, 2, 1, 1, '0000-00-00 00:00:00', '0.00', 0, 0),
(231, 2, 1, 1, '0000-00-00 00:00:00', '0.00', 0, 0),
(232, 2, 1, 1, '0000-00-00 00:00:00', '0.00', 0, 0),
(233, 2, 1, 1, '0000-00-00 00:00:00', '0.00', 0, 0),
(234, 2, 1, 1, '0000-00-00 00:00:00', '0.00', 0, 0),
(235, 2, 1, 1, '0000-00-00 00:00:00', '0.00', 0, 0),
(236, 2, 1, 1, '0000-00-00 00:00:00', '0.00', 0, 0),
(237, 2, 1, 1, '0000-00-00 00:00:00', '0.00', 0, 0),
(238, 2, 1, 1, '0000-00-00 00:00:00', '0.00', 0, 0),
(239, 2, 1, 1, '0000-00-00 00:00:00', '0.00', 0, 0),
(240, 2, 1, 1, '0000-00-00 00:00:00', '0.00', 0, 0),
(241, 2, 1, 1, '0000-00-00 00:00:00', '0.00', 0, 0),
(242, 2, 1, 1, '0000-00-00 00:00:00', '0.00', 0, 0),
(243, 2, 1, 1, '0000-00-00 00:00:00', '0.00', 0, 0),
(244, 2, 1, 1, '0000-00-00 00:00:00', '0.00', 0, 0),
(245, 2, 1, 1, '0000-00-00 00:00:00', '0.00', 0, 0),
(246, 2, 1, 1, '0000-00-00 00:00:00', '0.00', 0, 0),
(247, 2, 1, 1, '0000-00-00 00:00:00', '0.00', 0, 0),
(248, 2, 1, 1, '0000-00-00 00:00:00', '0.00', 0, 0),
(249, 2, 1, 1, '0000-00-00 00:00:00', '0.00', 0, 0),
(250, 2, 1, 1, '0000-00-00 00:00:00', '0.00', 0, 0),
(251, 2, 1, 1, '0000-00-00 00:00:00', '0.00', 0, 0),
(252, 2, 1, 1, '0000-00-00 00:00:00', '0.00', 0, 0),
(253, 2, 1, 1, '0000-00-00 00:00:00', '0.00', 0, 0),
(254, 2, 1, 1, '0000-00-00 00:00:00', '0.00', 0, 0),
(255, 2, 1, 1, '0000-00-00 00:00:00', '0.00', 0, 0),
(256, 2, 1, 1, '0000-00-00 00:00:00', '0.00', 0, 0),
(257, 2, 1, 1, '0000-00-00 00:00:00', '0.00', 0, 0),
(258, 2, 1, 1, '0000-00-00 00:00:00', '0.00', 0, 0),
(259, 2, 1, 1, '0000-00-00 00:00:00', '0.00', 0, 0),
(260, 2, 1, 1, '0000-00-00 00:00:00', '0.00', 0, 0),
(261, 2, 1, 1, '0000-00-00 00:00:00', '0.00', 0, 0),
(262, 2, 1, 1, '0000-00-00 00:00:00', '0.00', 0, 0),
(263, 2, 1, 1, '0000-00-00 00:00:00', '0.00', 0, 0),
(264, 2, 1, 1, '0000-00-00 00:00:00', '0.00', 0, 0),
(265, 2, 1, 1, '0000-00-00 00:00:00', '0.00', 0, 0),
(266, 2, 1, 1, '0000-00-00 00:00:00', '0.00', 0, 0),
(267, 2, 1, 1, '0000-00-00 00:00:00', '0.00', 0, 0),
(268, 2, 1, 1, '0000-00-00 00:00:00', '0.00', 0, 0),
(269, 2, 1, 1, '0000-00-00 00:00:00', '0.00', 0, 0),
(270, 2, 1, 1, '0000-00-00 00:00:00', '0.00', 0, 0),
(271, 2, 1, 1, '0000-00-00 00:00:00', '0.00', 0, 0),
(272, 2, 1, 1, '0000-00-00 00:00:00', '0.00', 0, 0),
(273, 2, 1, 1, '0000-00-00 00:00:00', '0.00', 0, 0),
(274, 2, 1, 1, '0000-00-00 00:00:00', '0.00', 0, 0),
(275, 2, 1, 1, '0000-00-00 00:00:00', '0.00', 0, 0),
(276, 2, 1, 1, '0000-00-00 00:00:00', '0.00', 0, 0),
(277, 2, 1, 1, '0000-00-00 00:00:00', '0.00', 0, 0),
(278, 2, 1, 1, '0000-00-00 00:00:00', '0.00', 0, 0),
(279, 2, 1, 1, '0000-00-00 00:00:00', '0.00', 0, 0),
(280, 2, 1, 1, '0000-00-00 00:00:00', '0.00', 0, 0),
(281, 2, 1, 1, '0000-00-00 00:00:00', '0.00', 0, 0),
(282, 2, 1, 1, '0000-00-00 00:00:00', '0.00', 0, 0),
(283, 2, 1, 1, '0000-00-00 00:00:00', '0.00', 0, 0),
(284, 2, 1, 1, '0000-00-00 00:00:00', '0.00', 0, 0),
(285, 2, 1, 1, '0000-00-00 00:00:00', '0.00', 0, 0),
(286, 2, 1, 1, '0000-00-00 00:00:00', '0.00', 0, 0),
(287, 2, 1, 1, '0000-00-00 00:00:00', '0.00', 0, 0),
(288, 2, 1, 1, '0000-00-00 00:00:00', '0.00', 0, 0),
(289, 2, 1, 1, '0000-00-00 00:00:00', '0.00', 0, 0),
(290, 2, 1, 1, '0000-00-00 00:00:00', '0.00', 0, 0),
(291, 2, 1, 1, '0000-00-00 00:00:00', '0.00', 0, 0),
(292, 2, 1, 1, '0000-00-00 00:00:00', '0.00', 0, 0),
(293, 2, 1, 1, '0000-00-00 00:00:00', '0.00', 0, 0),
(294, 2, 1, 1, '0000-00-00 00:00:00', '0.00', 0, 0),
(295, 2, 1, 1, '0000-00-00 00:00:00', '0.00', 0, 0),
(296, 2, 1, 1, '0000-00-00 00:00:00', '0.00', 0, 0),
(297, 2, 1, 1, '0000-00-00 00:00:00', '0.00', 0, 0),
(298, 2, 1, 1, '0000-00-00 00:00:00', '0.00', 0, 0),
(299, 2, 1, 1, '0000-00-00 00:00:00', '0.00', 0, 0),
(300, 2, 1, 1, '0000-00-00 00:00:00', '0.00', 0, 0),
(301, 2, 1, 1, '0000-00-00 00:00:00', '0.00', 0, 0),
(302, 2, 1, 1, '0000-00-00 00:00:00', '0.00', 0, 0),
(303, 2, 1, 1, '0000-00-00 00:00:00', '0.00', 0, 0),
(304, 2, 1, 1, '0000-00-00 00:00:00', '0.00', 0, 0),
(305, 2, 1, 1, '0000-00-00 00:00:00', '0.00', 0, 0),
(306, 2, 1, 1, '0000-00-00 00:00:00', '0.00', 0, 0),
(307, 2, 1, 1, '0000-00-00 00:00:00', '0.00', 0, 0),
(308, 2, 1, 1, '0000-00-00 00:00:00', '0.00', 0, 0),
(309, 2, 1, 1, '0000-00-00 00:00:00', '0.00', 0, 0),
(310, 2, 1, 1, '0000-00-00 00:00:00', '0.00', 0, 0),
(311, 2, 1, 1, '0000-00-00 00:00:00', '0.00', 0, 0),
(312, 2, 1, 1, '0000-00-00 00:00:00', '0.00', 0, 0),
(313, 2, 1, 1, '0000-00-00 00:00:00', '0.00', 0, 0),
(314, 2, 1, 1, '0000-00-00 00:00:00', '0.00', 0, 0),
(315, 2, 1, 1, '0000-00-00 00:00:00', '0.00', 0, 0),
(316, 2, 1, 1, '0000-00-00 00:00:00', '0.00', 0, 0),
(317, 2, 1, 1, '0000-00-00 00:00:00', '0.00', 0, 0),
(318, 2, 1, 1, '0000-00-00 00:00:00', '0.00', 0, 0),
(319, 2, 1, 1, '0000-00-00 00:00:00', '0.00', 0, 0),
(320, 2, 1, 1, '0000-00-00 00:00:00', '0.00', 0, 0),
(321, 2, 1, 1, '0000-00-00 00:00:00', '0.00', 0, 0),
(322, 2, 1, 1, '0000-00-00 00:00:00', '0.00', 0, 0),
(323, 2, 1, 1, '0000-00-00 00:00:00', '0.00', 0, 0),
(324, 2, 1, 1, '0000-00-00 00:00:00', '0.00', 0, 0),
(325, 2, 1, 1, '0000-00-00 00:00:00', '0.00', 0, 0),
(326, 2, 1, 1, '0000-00-00 00:00:00', '0.00', 0, 0),
(327, 2, 1, 1, '0000-00-00 00:00:00', '0.00', 0, 0),
(328, 2, 1, 1, '0000-00-00 00:00:00', '0.00', 0, 0),
(329, 2, 1, 1, '0000-00-00 00:00:00', '0.00', 0, 0),
(330, 2, 1, 1, '0000-00-00 00:00:00', '0.00', 0, 0),
(331, 2, 1, 1, '0000-00-00 00:00:00', '0.00', 0, 0),
(332, 2, 1, 1, '0000-00-00 00:00:00', '0.00', 0, 0),
(333, 2, 1, 1, '0000-00-00 00:00:00', '0.00', 0, 0),
(334, 2, 1, 1, '0000-00-00 00:00:00', '0.00', 0, 0),
(335, 2, 1, 1, '0000-00-00 00:00:00', '0.00', 0, 0),
(336, 2, 1, 1, '0000-00-00 00:00:00', '0.00', 0, 0),
(337, 2, 1, 1, '0000-00-00 00:00:00', '0.00', 0, 0),
(338, 2, 1, 1, '0000-00-00 00:00:00', '0.00', 0, 0),
(339, 2, 1, 1, '0000-00-00 00:00:00', '0.00', 0, 0),
(340, 2, 1, 1, '0000-00-00 00:00:00', '0.00', 0, 0),
(341, 2, 1, 1, '0000-00-00 00:00:00', '0.00', 0, 0),
(342, 2, 1, 1, '0000-00-00 00:00:00', '0.00', 0, 0),
(343, 2, 1, 1, '0000-00-00 00:00:00', '0.00', 0, 0),
(344, 2, 1, 1, '0000-00-00 00:00:00', '0.00', 0, 0),
(345, 2, 1, 1, '0000-00-00 00:00:00', '0.00', 0, 0),
(346, 2, 1, 1, '0000-00-00 00:00:00', '0.00', 0, 0),
(347, 2, 1, 1, '0000-00-00 00:00:00', '0.00', 0, 0),
(348, 2, 1, 1, '0000-00-00 00:00:00', '0.00', 0, 0),
(349, 2, 1, 1, '0000-00-00 00:00:00', '0.00', 0, 0),
(350, 2, 1, 1, '0000-00-00 00:00:00', '0.00', 0, 0),
(351, 2, 1, 1, '0000-00-00 00:00:00', '0.00', 0, 0),
(352, 2, 1, 1, '0000-00-00 00:00:00', '0.00', 0, 0),
(353, 2, 1, 1, '0000-00-00 00:00:00', '0.00', 0, 0),
(354, 2, 1, 1, '0000-00-00 00:00:00', '0.00', 0, 0),
(355, 2, 1, 1, '0000-00-00 00:00:00', '0.00', 0, 0),
(356, 2, 1, 1, '0000-00-00 00:00:00', '0.00', 0, 0),
(357, 2, 1, 1, '0000-00-00 00:00:00', '0.00', 0, 0),
(358, 2, 1, 1, '0000-00-00 00:00:00', '0.00', 0, 0),
(359, 2, 1, 1, '0000-00-00 00:00:00', '0.00', 0, 0),
(360, 2, 1, 1, '0000-00-00 00:00:00', '0.00', 0, 0),
(361, 2, 1, 1, '0000-00-00 00:00:00', '0.00', 0, 0),
(362, 2, 1, 1, '0000-00-00 00:00:00', '0.00', 0, 0),
(363, 2, 1, 1, '0000-00-00 00:00:00', '0.00', 0, 0),
(364, 2, 1, 1, '0000-00-00 00:00:00', '0.00', 0, 0),
(365, 2, 1, 1, '0000-00-00 00:00:00', '0.00', 0, 0),
(366, 2, 1, 1, '0000-00-00 00:00:00', '0.00', 0, 0),
(367, 2, 1, 1, '0000-00-00 00:00:00', '0.00', 0, 0),
(368, 2, 1, 1, '0000-00-00 00:00:00', '0.00', 0, 0),
(369, 2, 1, 1, '0000-00-00 00:00:00', '0.00', 0, 0),
(370, 2, 1, 1, '0000-00-00 00:00:00', '0.00', 0, 0),
(371, 2, 1, 1, '0000-00-00 00:00:00', '0.00', 0, 0),
(372, 2, 1, 1, '0000-00-00 00:00:00', '0.00', 0, 0),
(373, 2, 1, 1, '0000-00-00 00:00:00', '0.00', 0, 0),
(374, 2, 1, 1, '0000-00-00 00:00:00', '0.00', 0, 0),
(375, 2, 1, 1, '0000-00-00 00:00:00', '0.00', 0, 0),
(376, 2, 1, 1, '0000-00-00 00:00:00', '0.00', 0, 0),
(377, 2, 1, 1, '0000-00-00 00:00:00', '0.00', 0, 0),
(378, 2, 1, 1, '0000-00-00 00:00:00', '0.00', 0, 0),
(379, 2, 1, 1, '0000-00-00 00:00:00', '0.00', 0, 0),
(380, 2, 1, 1, '0000-00-00 00:00:00', '0.00', 0, 0),
(381, 2, 1, 1, '0000-00-00 00:00:00', '0.00', 0, 0),
(382, 2, 1, 1, '0000-00-00 00:00:00', '0.00', 0, 0),
(383, 2, 1, 1, '0000-00-00 00:00:00', '0.00', 0, 0),
(384, 2, 1, 1, '0000-00-00 00:00:00', '0.00', 0, 0),
(385, 2, 1, 1, '0000-00-00 00:00:00', '0.00', 0, 0),
(386, 2, 1, 1, '0000-00-00 00:00:00', '0.00', 0, 0),
(387, 2, 1, 1, '0000-00-00 00:00:00', '0.00', 0, 0),
(388, 2, 1, 1, '0000-00-00 00:00:00', '0.00', 0, 0),
(389, 2, 1, 1, '0000-00-00 00:00:00', '0.00', 0, 0),
(390, 2, 1, 1, '0000-00-00 00:00:00', '0.00', 0, 0),
(391, 2, 1, 1, '0000-00-00 00:00:00', '0.00', 0, 0),
(392, 2, 1, 1, '0000-00-00 00:00:00', '0.00', 0, 0),
(393, 2, 1, 1, '0000-00-00 00:00:00', '0.00', 0, 0),
(394, 2, 1, 1, '0000-00-00 00:00:00', '0.00', 0, 0),
(395, 2, 1, 1, '0000-00-00 00:00:00', '0.00', 0, 0),
(396, 2, 1, 1, '0000-00-00 00:00:00', '0.00', 0, 0),
(397, 2, 1, 1, '0000-00-00 00:00:00', '0.00', 0, 0),
(398, 2, 1, 1, '0000-00-00 00:00:00', '0.00', 0, 0),
(399, 2, 1, 1, '0000-00-00 00:00:00', '0.00', 0, 0),
(400, 2, 1, 1, '0000-00-00 00:00:00', '0.00', 0, 0),
(401, 2, 1, 1, '0000-00-00 00:00:00', '0.00', 0, 0),
(402, 2, 1, 1, '0000-00-00 00:00:00', '0.00', 0, 0),
(403, 2, 1, 1, '0000-00-00 00:00:00', '0.00', 0, 0),
(404, 2, 1, 1, '0000-00-00 00:00:00', '0.00', 0, 0),
(405, 2, 1, 1, '0000-00-00 00:00:00', '0.00', 0, 0),
(406, 2, 1, 1, '0000-00-00 00:00:00', '0.00', 0, 0),
(407, 2, 1, 1, '0000-00-00 00:00:00', '0.00', 0, 0),
(408, 2, 1, 1, '0000-00-00 00:00:00', '0.00', 0, 0),
(409, 2, 1, 1, '0000-00-00 00:00:00', '0.00', 0, 0),
(410, 2, 1, 1, '0000-00-00 00:00:00', '0.00', 0, 0),
(411, 2, 1, 1, '0000-00-00 00:00:00', '0.00', 0, 0),
(412, 2, 1, 1, '0000-00-00 00:00:00', '0.00', 0, 0),
(413, 2, 1, 1, '0000-00-00 00:00:00', '0.00', 0, 0),
(414, 2, 1, 1, '0000-00-00 00:00:00', '0.00', 0, 0),
(415, 2, 1, 1, '0000-00-00 00:00:00', '0.00', 0, 0),
(416, 2, 1, 1, '0000-00-00 00:00:00', '0.00', 0, 0),
(417, 2, 1, 1, '0000-00-00 00:00:00', '0.00', 0, 0),
(418, 2, 1, 1, '0000-00-00 00:00:00', '0.00', 0, 0),
(419, 2, 1, 1, '0000-00-00 00:00:00', '0.00', 0, 0),
(420, 2, 1, 1, '0000-00-00 00:00:00', '0.00', 0, 0),
(421, 2, 1, 1, '0000-00-00 00:00:00', '0.00', 0, 0),
(422, 2, 1, 1, '0000-00-00 00:00:00', '0.00', 0, 0),
(423, 2, 1, 1, '0000-00-00 00:00:00', '0.00', 0, 0),
(424, 2, 1, 1, '0000-00-00 00:00:00', '0.00', 0, 0),
(425, 2, 1, 1, '0000-00-00 00:00:00', '0.00', 0, 0),
(426, 2, 1, 1, '0000-00-00 00:00:00', '0.00', 0, 0),
(427, 2, 1, 1, '0000-00-00 00:00:00', '0.00', 0, 0),
(428, 2, 1, 1, '0000-00-00 00:00:00', '0.00', 0, 0),
(429, 2, 1, 1, '0000-00-00 00:00:00', '0.00', 0, 0),
(430, 2, 1, 1, '0000-00-00 00:00:00', '0.00', 0, 0),
(431, 2, 1, 1, '0000-00-00 00:00:00', '0.00', 0, 0),
(432, 2, 1, 1, '0000-00-00 00:00:00', '0.00', 0, 0),
(433, 2, 1, 1, '0000-00-00 00:00:00', '0.00', 0, 0),
(434, 2, 1, 1, '0000-00-00 00:00:00', '0.00', 0, 0),
(435, 2, 1, 1, '0000-00-00 00:00:00', '0.00', 0, 0),
(436, 2, 1, 1, '0000-00-00 00:00:00', '0.00', 0, 0),
(437, 2, 1, 1, '0000-00-00 00:00:00', '0.00', 0, 0),
(438, 2, 1, 1, '0000-00-00 00:00:00', '0.00', 0, 0),
(439, 2, 1, 1, '0000-00-00 00:00:00', '0.00', 0, 0),
(440, 2, 1, 1, '0000-00-00 00:00:00', '0.00', 0, 0),
(441, 2, 1, 1, '0000-00-00 00:00:00', '0.00', 0, 0),
(442, 2, 1, 1, '0000-00-00 00:00:00', '0.00', 0, 0),
(443, 2, 1, 1, '0000-00-00 00:00:00', '0.00', 0, 0),
(444, 2, 1, 1, '0000-00-00 00:00:00', '0.00', 0, 0),
(445, 2, 1, 1, '0000-00-00 00:00:00', '0.00', 0, 0),
(446, 2, 1, 1, '0000-00-00 00:00:00', '0.00', 0, 0),
(447, 2, 1, 1, '0000-00-00 00:00:00', '0.00', 0, 0),
(448, 2, 1, 1, '0000-00-00 00:00:00', '0.00', 0, 0),
(449, 2, 1, 1, '0000-00-00 00:00:00', '0.00', 0, 0),
(450, 2, 1, 1, '0000-00-00 00:00:00', '0.00', 0, 0),
(451, 2, 1, 1, '0000-00-00 00:00:00', '0.00', 0, 0),
(452, 2, 1, 1, '0000-00-00 00:00:00', '0.00', 0, 0),
(453, 2, 1, 1, '0000-00-00 00:00:00', '0.00', 0, 0),
(454, 2, 1, 1, '0000-00-00 00:00:00', '0.00', 0, 0),
(455, 2, 1, 1, '0000-00-00 00:00:00', '0.00', 0, 0),
(456, 2, 1, 1, '0000-00-00 00:00:00', '0.00', 0, 0),
(457, 2, 1, 1, '0000-00-00 00:00:00', '0.00', 0, 0),
(458, 2, 1, 1, '0000-00-00 00:00:00', '0.00', 0, 0),
(459, 2, 1, 1, '0000-00-00 00:00:00', '0.00', 0, 0),
(460, 2, 1, 1, '0000-00-00 00:00:00', '0.00', 0, 0),
(461, 2, 1, 1, '0000-00-00 00:00:00', '0.00', 0, 0),
(462, 2, 1, 1, '0000-00-00 00:00:00', '0.00', 0, 0),
(463, 2, 1, 1, '0000-00-00 00:00:00', '0.00', 0, 0),
(464, 2, 1, 1, '0000-00-00 00:00:00', '0.00', 0, 0),
(465, 2, 1, 1, '0000-00-00 00:00:00', '0.00', 0, 0),
(466, 2, 1, 1, '0000-00-00 00:00:00', '0.00', 0, 0),
(467, 2, 1, 1, '0000-00-00 00:00:00', '0.00', 0, 0),
(468, 2, 1, 1, '0000-00-00 00:00:00', '0.00', 0, 0),
(469, 2, 1, 1, '0000-00-00 00:00:00', '0.00', 0, 0),
(470, 2, 1, 1, '0000-00-00 00:00:00', '0.00', 0, 0),
(471, 2, 1, 1, '0000-00-00 00:00:00', '0.00', 0, 0),
(472, 2, 1, 1, '0000-00-00 00:00:00', '0.00', 0, 0),
(473, 2, 1, 1, '0000-00-00 00:00:00', '0.00', 0, 0),
(474, 2, 1, 1, '0000-00-00 00:00:00', '0.00', 0, 0),
(475, 2, 1, 1, '0000-00-00 00:00:00', '0.00', 0, 0),
(476, 2, 1, 1, '0000-00-00 00:00:00', '0.00', 0, 0),
(477, 2, 1, 1, '0000-00-00 00:00:00', '0.00', 0, 0),
(478, 2, 1, 1, '0000-00-00 00:00:00', '0.00', 0, 0),
(479, 2, 1, 1, '0000-00-00 00:00:00', '0.00', 0, 0),
(480, 2, 1, 1, '0000-00-00 00:00:00', '0.00', 0, 0),
(481, 2, 1, 1, '0000-00-00 00:00:00', '0.00', 0, 0),
(482, 2, 1, 1, '0000-00-00 00:00:00', '0.00', 0, 0),
(483, 2, 1, 1, '0000-00-00 00:00:00', '0.00', 0, 0),
(484, 2, 1, 1, '0000-00-00 00:00:00', '0.00', 0, 0),
(485, 2, 1, 1, '0000-00-00 00:00:00', '0.00', 0, 0),
(486, 2, 1, 1, '0000-00-00 00:00:00', '0.00', 0, 0),
(487, 2, 1, 1, '0000-00-00 00:00:00', '0.00', 0, 0),
(488, 2, 1, 1, '0000-00-00 00:00:00', '0.00', 0, 0),
(489, 2, 1, 1, '0000-00-00 00:00:00', '0.00', 0, 0),
(490, 2, 1, 1, '0000-00-00 00:00:00', '0.00', 0, 0),
(491, 2, 1, 1, '0000-00-00 00:00:00', '0.00', 0, 0),
(492, 2, 1, 1, '0000-00-00 00:00:00', '0.00', 0, 0),
(493, 2, 1, 1, '0000-00-00 00:00:00', '0.00', 0, 0),
(494, 2, 1, 1, '0000-00-00 00:00:00', '0.00', 0, 0),
(495, 2, 1, 1, '0000-00-00 00:00:00', '0.00', 0, 0),
(496, 2, 1, 1, '0000-00-00 00:00:00', '0.00', 0, 0),
(497, 2, 1, 1, '0000-00-00 00:00:00', '0.00', 0, 0),
(498, 2, 1, 1, '0000-00-00 00:00:00', '0.00', 0, 0),
(499, 2, 1, 1, '0000-00-00 00:00:00', '0.00', 0, 0),
(500, 2, 1, 1, '0000-00-00 00:00:00', '0.00', 0, 0),
(501, 2, 1, 1, '0000-00-00 00:00:00', '0.00', 0, 0),
(502, 2, 1, 1, '0000-00-00 00:00:00', '0.00', 0, 0),
(503, 2, 1, 1, '0000-00-00 00:00:00', '0.00', 0, 0),
(504, 2, 1, 1, '0000-00-00 00:00:00', '0.00', 0, 0),
(505, 2, 1, 1, '0000-00-00 00:00:00', '0.00', 0, 0),
(506, 2, 1, 1, '0000-00-00 00:00:00', '0.00', 0, 0),
(507, 2, 1, 1, '0000-00-00 00:00:00', '0.00', 0, 0),
(508, 2, 1, 1, '0000-00-00 00:00:00', '0.00', 0, 0),
(509, 2, 1, 1, '0000-00-00 00:00:00', '0.00', 0, 0),
(510, 2, 1, 1, '0000-00-00 00:00:00', '0.00', 0, 0),
(511, 2, 1, 1, '0000-00-00 00:00:00', '0.00', 0, 0),
(512, 2, 1, 1, '0000-00-00 00:00:00', '0.00', 0, 0),
(513, 2, 1, 1, '0000-00-00 00:00:00', '0.00', 0, 0),
(514, 2, 1, 1, '0000-00-00 00:00:00', '0.00', 0, 0),
(515, 2, 1, 1, '0000-00-00 00:00:00', '0.00', 0, 0),
(516, 2, 1, 1, '0000-00-00 00:00:00', '2.00', 0, 1),
(517, 2, 1, 1, '0000-00-00 00:00:00', '0.00', 0, 0),
(518, 2, 1, 1, '0000-00-00 00:00:00', '0.00', 0, 0),
(519, 2, 1, 1, '0000-00-00 00:00:00', '0.00', 0, 0),
(520, 2, 1, 1, '0000-00-00 00:00:00', '0.00', 0, 0),
(521, 2, 1, 1, '0000-00-00 00:00:00', '0.00', 0, 0),
(522, 2, 1, 1, '0000-00-00 00:00:00', '0.00', 0, 0),
(523, 2, 1, 1, '0000-00-00 00:00:00', '0.00', 0, 0),
(524, 2, 1, 1, '0000-00-00 00:00:00', '0.00', 0, 0),
(525, 2, 1, 1, '0000-00-00 00:00:00', '0.00', 0, 0),
(526, 2, 1, 1, '0000-00-00 00:00:00', '0.00', 0, 0),
(527, 2, 1, 1, '0000-00-00 00:00:00', '0.00', 0, 0),
(528, 2, 1, 1, '0000-00-00 00:00:00', '0.00', 0, 0),
(529, 2, 1, 1, '0000-00-00 00:00:00', '0.00', 0, 0),
(530, 2, 1, 1, '0000-00-00 00:00:00', '0.00', 0, 0),
(531, 2, 1, 1, '0000-00-00 00:00:00', '0.00', 0, 0),
(532, 2, 1, 1, '0000-00-00 00:00:00', '0.00', 0, 0),
(533, 2, 1, 1, '0000-00-00 00:00:00', '0.00', 0, 0),
(534, 2, 1, 1, '0000-00-00 00:00:00', '0.00', 0, 0),
(535, 2, 1, 1, '0000-00-00 00:00:00', '0.00', 0, 0),
(536, 2, 1, 1, '0000-00-00 00:00:00', '0.00', 0, 0),
(537, 2, 1, 1, '0000-00-00 00:00:00', '0.00', 0, 0),
(538, 2, 1, 1, '0000-00-00 00:00:00', '0.00', 0, 0),
(539, 2, 1, 1, '0000-00-00 00:00:00', '0.00', 0, 0),
(540, 2, 1, 1, '0000-00-00 00:00:00', '0.00', 0, 0),
(541, 2, 1, 1, '0000-00-00 00:00:00', '0.00', 0, 0),
(542, 2, 1, 1, '0000-00-00 00:00:00', '0.00', 0, 0),
(543, 2, 1, 1, '0000-00-00 00:00:00', '0.00', 0, 0),
(544, 2, 1, 1, '0000-00-00 00:00:00', '0.00', 0, 0),
(545, 2, 1, 1, '0000-00-00 00:00:00', '0.00', 0, 0),
(546, 2, 1, 1, '0000-00-00 00:00:00', '0.00', 0, 0),
(547, 2, 1, 1, '0000-00-00 00:00:00', '0.00', 0, 0),
(548, 2, 1, 1, '0000-00-00 00:00:00', '0.00', 0, 0),
(549, 2, 1, 1, '0000-00-00 00:00:00', '0.00', 0, 0),
(550, 2, 1, 1, '0000-00-00 00:00:00', '0.00', 0, 0),
(551, 2, 1, 1, '0000-00-00 00:00:00', '0.00', 0, 0),
(552, 2, 1, 1, '0000-00-00 00:00:00', '0.00', 0, 0),
(553, 2, 1, 1, '0000-00-00 00:00:00', '0.00', 0, 0),
(554, 2, 1, 1, '0000-00-00 00:00:00', '0.00', 0, 0),
(555, 2, 1, 1, '0000-00-00 00:00:00', '0.00', 0, 0),
(556, 2, 1, 1, '0000-00-00 00:00:00', '1.00', 0, 1),
(557, 2, 1, 1, '0000-00-00 00:00:00', '0.00', 0, 0),
(558, 2, 1, 1, '0000-00-00 00:00:00', '0.00', 0, 0),
(559, 2, 1, 1, '0000-00-00 00:00:00', '0.00', 0, 0),
(560, 2, 1, 1, '0000-00-00 00:00:00', '0.00', 0, 0),
(561, 2, 1, 1, '0000-00-00 00:00:00', '0.00', 0, 0),
(562, 2, 1, 1, '0000-00-00 00:00:00', '0.00', 0, 0),
(563, 2, 1, 1, '0000-00-00 00:00:00', '0.00', 0, 0),
(564, 2, 1, 1, '0000-00-00 00:00:00', '0.00', 0, 0),
(565, 2, 1, 1, '0000-00-00 00:00:00', '0.00', 0, 0),
(566, 2, 1, 1, '0000-00-00 00:00:00', '0.00', 0, 0),
(567, 2, 1, 1, '0000-00-00 00:00:00', '0.00', 0, 0),
(568, 2, 1, 1, '0000-00-00 00:00:00', '0.00', 0, 0),
(569, 2, 1, 1, '0000-00-00 00:00:00', '0.00', 0, 0),
(570, 2, 1, 1, '0000-00-00 00:00:00', '0.00', 0, 0),
(571, 2, 1, 1, '0000-00-00 00:00:00', '0.00', 0, 0),
(572, 2, 1, 1, '0000-00-00 00:00:00', '0.00', 0, 0),
(573, 2, 1, 1, '0000-00-00 00:00:00', '0.00', 0, 0),
(574, 2, 1, 1, '0000-00-00 00:00:00', '0.00', 0, 0),
(575, 2, 1, 1, '0000-00-00 00:00:00', '0.00', 0, 0),
(576, 2, 1, 1, '0000-00-00 00:00:00', '0.00', 0, 0),
(577, 2, 1, 1, '0000-00-00 00:00:00', '0.00', 0, 0),
(578, 2, 1, 1, '0000-00-00 00:00:00', '0.00', 0, 0),
(579, 2, 1, 1, '0000-00-00 00:00:00', '0.00', 0, 0),
(580, 2, 1, 1, '0000-00-00 00:00:00', '1.00', 0, 1),
(581, 2, 1, 1, '0000-00-00 00:00:00', '0.00', 0, 0),
(582, 2, 1, 1, '0000-00-00 00:00:00', '0.00', 0, 0),
(583, 2, 1, 1, '0000-00-00 00:00:00', '0.00', 0, 0),
(584, 2, 1, 1, '0000-00-00 00:00:00', '0.00', 0, 0),
(585, 2, 1, 1, '0000-00-00 00:00:00', '0.00', 0, 0),
(586, 2, 1, 1, '0000-00-00 00:00:00', '0.00', 0, 0),
(587, 2, 1, 1, '0000-00-00 00:00:00', '0.00', 0, 0),
(588, 2, 1, 1, '0000-00-00 00:00:00', '0.00', 0, 0),
(589, 2, 1, 1, '0000-00-00 00:00:00', '0.00', 0, 0),
(590, 2, 1, 1, '0000-00-00 00:00:00', '0.00', 0, 0),
(591, 2, 1, 1, '0000-00-00 00:00:00', '0.00', 0, 0),
(592, 2, 1, 1, '0000-00-00 00:00:00', '0.00', 0, 0),
(593, 2, 1, 1, '0000-00-00 00:00:00', '0.00', 0, 0),
(594, 2, 1, 1, '0000-00-00 00:00:00', '0.00', 0, 0),
(595, 2, 1, 1, '0000-00-00 00:00:00', '0.00', 0, 0),
(596, 2, 1, 1, '0000-00-00 00:00:00', '0.00', 0, 0),
(597, 2, 1, 1, '0000-00-00 00:00:00', '0.00', 0, 0),
(598, 2, 1, 1, '0000-00-00 00:00:00', '0.00', 0, 0),
(599, 2, 1, 1, '0000-00-00 00:00:00', '0.00', 0, 0),
(600, 2, 1, 1, '0000-00-00 00:00:00', '0.00', 0, 0),
(601, 2, 1, 1, '0000-00-00 00:00:00', '0.00', 0, 0),
(602, 2, 1, 1, '0000-00-00 00:00:00', '0.00', 0, 0),
(603, 2, 1, 1, '0000-00-00 00:00:00', '0.00', 0, 0),
(604, 2, 1, 1, '0000-00-00 00:00:00', '0.00', 0, 0),
(605, 2, 1, 1, '0000-00-00 00:00:00', '1.00', 0, 1),
(606, 2, 1, 1, '0000-00-00 00:00:00', '0.00', 0, 0),
(607, 2, 1, 1, '0000-00-00 00:00:00', '0.00', 0, 0),
(608, 2, 1, 1, '0000-00-00 00:00:00', '0.00', 0, 0),
(609, 2, 1, 1, '0000-00-00 00:00:00', '0.00', 0, 0),
(610, 2, 1, 1, '0000-00-00 00:00:00', '0.00', 0, 0),
(611, 2, 1, 1, '0000-00-00 00:00:00', '0.00', 0, 0),
(612, 2, 1, 1, '0000-00-00 00:00:00', '0.00', 0, 0),
(613, 2, 1, 1, '0000-00-00 00:00:00', '0.00', 0, 0),
(614, 2, 1, 1, '0000-00-00 00:00:00', '0.00', 0, 0),
(615, 2, 1, 1, '0000-00-00 00:00:00', '0.00', 0, 0),
(616, 2, 1, 1, '0000-00-00 00:00:00', '0.00', 0, 0),
(617, 2, 1, 1, '0000-00-00 00:00:00', '0.00', 0, 0),
(618, 2, 1, 1, '0000-00-00 00:00:00', '0.00', 0, 0),
(619, 2, 1, 1, '0000-00-00 00:00:00', '0.00', 0, 0),
(620, 2, 1, 1, '0000-00-00 00:00:00', '0.00', 0, 0),
(621, 2, 1, 1, '0000-00-00 00:00:00', '0.00', 0, 0),
(622, 2, 1, 1, '0000-00-00 00:00:00', '0.00', 0, 0),
(623, 2, 1, 1, '0000-00-00 00:00:00', '0.00', 0, 0),
(624, 2, 1, 1, '0000-00-00 00:00:00', '0.00', 0, 0),
(625, 2, 1, 1, '0000-00-00 00:00:00', '0.00', 0, 0),
(626, 2, 1, 1, '0000-00-00 00:00:00', '0.00', 0, 0),
(627, 2, 1, 1, '0000-00-00 00:00:00', '0.00', 0, 0),
(628, 2, 1, 1, '0000-00-00 00:00:00', '0.00', 0, 0),
(629, 2, 1, 1, '0000-00-00 00:00:00', '0.00', 0, 0),
(630, 2, 1, 1, '0000-00-00 00:00:00', '0.00', 0, 0),
(631, 2, 1, 1, '0000-00-00 00:00:00', '0.00', 0, 0),
(632, 2, 1, 1, '0000-00-00 00:00:00', '1.00', 0, 1),
(633, 2, 1, 1, '0000-00-00 00:00:00', '0.00', 0, 0),
(634, 2, 1, 1, '0000-00-00 00:00:00', '0.00', 0, 0),
(635, 2, 1, 1, '0000-00-00 00:00:00', '0.00', 0, 0),
(636, 2, 1, 1, '0000-00-00 00:00:00', '0.00', 0, 0),
(637, 2, 1, 1, '0000-00-00 00:00:00', '0.00', 0, 0),
(638, 2, 1, 1, '0000-00-00 00:00:00', '0.00', 0, 0),
(639, 2, 1, 1, '0000-00-00 00:00:00', '0.00', 0, 0),
(640, 2, 1, 1, '0000-00-00 00:00:00', '0.00', 0, 0),
(641, 2, 1, 1, '0000-00-00 00:00:00', '0.00', 0, 0),
(642, 2, 1, 1, '0000-00-00 00:00:00', '0.00', 0, 0),
(643, 2, 1, 1, '0000-00-00 00:00:00', '0.00', 0, 0),
(644, 2, 1, 1, '0000-00-00 00:00:00', '0.00', 0, 0),
(645, 2, 1, 1, '0000-00-00 00:00:00', '0.00', 0, 0),
(646, 2, 1, 1, '0000-00-00 00:00:00', '0.00', 0, 0),
(647, 2, 1, 1, '0000-00-00 00:00:00', '0.00', 0, 0),
(648, 2, 1, 1, '0000-00-00 00:00:00', '0.00', 0, 0),
(649, 2, 1, 1, '0000-00-00 00:00:00', '0.00', 0, 0),
(650, 2, 1, 1, '0000-00-00 00:00:00', '0.00', 0, 0),
(651, 2, 1, 1, '0000-00-00 00:00:00', '0.00', 0, 0),
(652, 2, 1, 1, '0000-00-00 00:00:00', '0.00', 0, 0),
(653, 2, 1, 1, '0000-00-00 00:00:00', '0.00', 0, 0),
(654, 2, 1, 1, '0000-00-00 00:00:00', '0.00', 0, 0),
(655, 2, 1, 1, '0000-00-00 00:00:00', '0.00', 0, 0),
(656, 2, 1, 1, '0000-00-00 00:00:00', '0.00', 0, 0),
(657, 2, 1, 1, '0000-00-00 00:00:00', '0.00', 0, 0),
(658, 2, 1, 1, '0000-00-00 00:00:00', '0.00', 0, 0),
(659, 2, 1, 1, '0000-00-00 00:00:00', '0.00', 0, 0),
(660, 2, 1, 1, '0000-00-00 00:00:00', '0.00', 0, 0),
(661, 2, 1, 1, '0000-00-00 00:00:00', '0.00', 0, 0),
(662, 2, 1, 1, '0000-00-00 00:00:00', '0.00', 0, 0),
(663, 2, 1, 1, '0000-00-00 00:00:00', '0.00', 0, 0),
(664, 2, 1, 1, '0000-00-00 00:00:00', '0.00', 0, 0),
(665, 2, 1, 1, '0000-00-00 00:00:00', '0.00', 0, 0),
(666, 2, 1, 1, '0000-00-00 00:00:00', '0.00', 0, 0),
(667, 2, 1, 1, '0000-00-00 00:00:00', '0.00', 0, 0),
(668, 2, 1, 1, '0000-00-00 00:00:00', '0.00', 0, 0),
(669, 2, 1, 1, '0000-00-00 00:00:00', '0.00', 0, 0),
(670, 2, 1, 1, '0000-00-00 00:00:00', '0.00', 0, 0),
(671, 2, 1, 1, '0000-00-00 00:00:00', '0.00', 0, 0),
(672, 2, 1, 1, '0000-00-00 00:00:00', '0.00', 0, 0),
(673, 2, 1, 1, '0000-00-00 00:00:00', '0.00', 0, 0),
(674, 2, 1, 1, '0000-00-00 00:00:00', '0.00', 0, 0),
(675, 2, 1, 1, '0000-00-00 00:00:00', '0.00', 0, 0),
(676, 2, 1, 1, '0000-00-00 00:00:00', '0.00', 0, 0),
(677, 2, 1, 1, '0000-00-00 00:00:00', '0.00', 0, 0),
(678, 2, 1, 1, '0000-00-00 00:00:00', '0.00', 0, 0),
(679, 2, 1, 1, '0000-00-00 00:00:00', '0.00', 0, 0),
(680, 2, 1, 1, '0000-00-00 00:00:00', '0.00', 0, 0),
(681, 2, 1, 1, '0000-00-00 00:00:00', '0.00', 0, 0),
(682, 2, 1, 1, '0000-00-00 00:00:00', '0.00', 0, 0),
(683, 2, 1, 1, '0000-00-00 00:00:00', '0.00', 0, 0),
(684, 2, 1, 1, '0000-00-00 00:00:00', '0.00', 0, 0),
(685, 2, 1, 1, '0000-00-00 00:00:00', '0.00', 0, 0),
(686, 2, 1, 1, '0000-00-00 00:00:00', '0.00', 0, 0),
(687, 2, 1, 1, '0000-00-00 00:00:00', '0.00', 0, 0),
(688, 2, 1, 1, '0000-00-00 00:00:00', '0.00', 0, 0),
(689, 2, 1, 1, '0000-00-00 00:00:00', '0.00', 0, 0),
(690, 2, 1, 1, '0000-00-00 00:00:00', '0.00', 0, 0),
(691, 2, 1, 1, '0000-00-00 00:00:00', '0.00', 0, 0),
(692, 2, 1, 1, '0000-00-00 00:00:00', '0.00', 0, 0),
(693, 2, 1, 1, '0000-00-00 00:00:00', '0.00', 0, 0),
(694, 2, 1, 1, '0000-00-00 00:00:00', '0.00', 0, 0),
(695, 2, 1, 1, '0000-00-00 00:00:00', '0.00', 0, 0),
(696, 2, 1, 1, '0000-00-00 00:00:00', '0.00', 0, 0),
(697, 2, 1, 1, '0000-00-00 00:00:00', '0.00', 0, 0),
(698, 2, 1, 1, '0000-00-00 00:00:00', '0.00', 0, 0),
(699, 2, 1, 1, '0000-00-00 00:00:00', '0.00', 0, 0),
(700, 2, 1, 1, '0000-00-00 00:00:00', '0.00', 0, 0),
(701, 2, 1, 1, '0000-00-00 00:00:00', '0.00', 0, 0),
(702, 2, 1, 1, '0000-00-00 00:00:00', '0.00', 0, 0),
(703, 2, 1, 1, '0000-00-00 00:00:00', '0.00', 0, 0),
(704, 2, 1, 1, '0000-00-00 00:00:00', '0.00', 0, 0),
(705, 2, 1, 1, '0000-00-00 00:00:00', '0.00', 0, 0),
(706, 2, 1, 1, '0000-00-00 00:00:00', '0.00', 0, 0),
(707, 2, 1, 1, '0000-00-00 00:00:00', '0.00', 0, 0),
(708, 2, 1, 1, '0000-00-00 00:00:00', '0.00', 0, 0),
(709, 2, 1, 1, '0000-00-00 00:00:00', '0.00', 0, 0),
(710, 2, 1, 1, '0000-00-00 00:00:00', '0.00', 0, 0),
(711, 2, 1, 1, '0000-00-00 00:00:00', '0.00', 0, 0),
(712, 2, 1, 1, '0000-00-00 00:00:00', '0.00', 0, 0),
(713, 2, 1, 1, '0000-00-00 00:00:00', '0.00', 0, 0),
(714, 2, 1, 1, '0000-00-00 00:00:00', '0.00', 0, 0),
(715, 2, 1, 1, '0000-00-00 00:00:00', '0.00', 0, 0),
(716, 2, 1, 1, '0000-00-00 00:00:00', '0.00', 0, 0),
(717, 2, 1, 1, '0000-00-00 00:00:00', '0.00', 0, 0),
(718, 2, 1, 1, '0000-00-00 00:00:00', '0.00', 0, 0),
(719, 2, 1, 1, '0000-00-00 00:00:00', '0.00', 0, 0),
(720, 2, 1, 1, '0000-00-00 00:00:00', '0.00', 0, 0),
(721, 2, 1, 1, '0000-00-00 00:00:00', '0.00', 0, 0),
(722, 2, 1, 1, '0000-00-00 00:00:00', '0.00', 0, 0),
(723, 2, 1, 1, '0000-00-00 00:00:00', '0.00', 0, 0),
(724, 2, 1, 1, '0000-00-00 00:00:00', '0.00', 0, 0),
(725, 2, 1, 1, '0000-00-00 00:00:00', '0.00', 0, 0),
(726, 2, 1, 1, '0000-00-00 00:00:00', '0.00', 0, 0),
(727, 2, 1, 1, '0000-00-00 00:00:00', '0.00', 0, 0),
(728, 2, 1, 1, '0000-00-00 00:00:00', '0.00', 0, 0),
(729, 2, 1, 1, '0000-00-00 00:00:00', '0.00', 0, 0),
(730, 2, 1, 1, '0000-00-00 00:00:00', '0.00', 0, 0),
(731, 2, 1, 1, '0000-00-00 00:00:00', '0.00', 0, 0),
(732, 2, 1, 1, '0000-00-00 00:00:00', '0.00', 0, 0),
(733, 2, 1, 1, '0000-00-00 00:00:00', '0.00', 0, 0),
(734, 2, 1, 1, '0000-00-00 00:00:00', '0.00', 0, 0),
(735, 2, 1, 1, '0000-00-00 00:00:00', '0.00', 0, 0),
(736, 2, 1, 1, '0000-00-00 00:00:00', '0.00', 0, 0),
(737, 2, 1, 1, '0000-00-00 00:00:00', '0.00', 0, 0),
(738, 2, 1, 1, '0000-00-00 00:00:00', '0.00', 0, 0),
(739, 2, 1, 1, '0000-00-00 00:00:00', '0.00', 0, 0),
(740, 2, 1, 1, '0000-00-00 00:00:00', '0.00', 0, 0),
(741, 2, 1, 1, '0000-00-00 00:00:00', '0.00', 0, 0),
(742, 2, 1, 1, '0000-00-00 00:00:00', '0.00', 0, 0),
(743, 2, 1, 1, '0000-00-00 00:00:00', '0.00', 0, 0),
(744, 2, 1, 1, '0000-00-00 00:00:00', '0.00', 0, 0),
(745, 2, 1, 1, '0000-00-00 00:00:00', '0.00', 0, 0),
(746, 2, 1, 1, '0000-00-00 00:00:00', '0.00', 0, 0),
(747, 2, 1, 1, '0000-00-00 00:00:00', '0.00', 0, 0),
(748, 2, 1, 1, '0000-00-00 00:00:00', '0.00', 0, 0),
(749, 2, 1, 1, '0000-00-00 00:00:00', '0.00', 0, 0),
(750, 2, 1, 1, '0000-00-00 00:00:00', '0.00', 0, 0),
(751, 2, 1, 1, '0000-00-00 00:00:00', '0.00', 0, 0),
(752, 2, 1, 1, '0000-00-00 00:00:00', '0.00', 0, 0),
(753, 2, 1, 1, '0000-00-00 00:00:00', '0.00', 0, 0),
(754, 2, 1, 1, '0000-00-00 00:00:00', '0.00', 0, 0),
(755, 2, 1, 1, '0000-00-00 00:00:00', '0.00', 0, 0),
(756, 2, 1, 1, '0000-00-00 00:00:00', '0.00', 0, 0),
(757, 2, 1, 1, '0000-00-00 00:00:00', '0.00', 0, 0),
(758, 2, 1, 1, '0000-00-00 00:00:00', '0.00', 0, 0),
(759, 2, 1, 1, '0000-00-00 00:00:00', '0.00', 0, 0),
(760, 2, 1, 1, '0000-00-00 00:00:00', '0.00', 0, 0),
(761, 2, 1, 1, '0000-00-00 00:00:00', '0.00', 0, 0),
(762, 2, 1, 1, '0000-00-00 00:00:00', '0.00', 0, 0),
(763, 2, 1, 1, '0000-00-00 00:00:00', '0.00', 0, 0),
(764, 2, 1, 1, '0000-00-00 00:00:00', '0.00', 0, 0),
(765, 2, 1, 1, '0000-00-00 00:00:00', '0.00', 0, 0),
(766, 2, 1, 1, '0000-00-00 00:00:00', '0.00', 0, 0),
(767, 2, 1, 1, '0000-00-00 00:00:00', '0.00', 0, 0),
(768, 2, 1, 1, '0000-00-00 00:00:00', '0.00', 0, 0),
(769, 2, 1, 1, '0000-00-00 00:00:00', '0.00', 0, 0),
(770, 2, 1, 1, '0000-00-00 00:00:00', '0.00', 0, 0),
(771, 2, 1, 1, '0000-00-00 00:00:00', '0.00', 0, 0),
(772, 2, 1, 1, '0000-00-00 00:00:00', '0.00', 0, 0),
(773, 2, 1, 1, '0000-00-00 00:00:00', '0.00', 0, 0),
(774, 2, 1, 1, '0000-00-00 00:00:00', '0.00', 0, 0),
(775, 2, 1, 1, '0000-00-00 00:00:00', '0.00', 0, 0),
(776, 2, 1, 1, '0000-00-00 00:00:00', '0.00', 0, 0),
(777, 2, 1, 1, '0000-00-00 00:00:00', '0.00', 0, 0),
(778, 2, 1, 1, '0000-00-00 00:00:00', '0.00', 0, 0),
(779, 2, 1, 1, '0000-00-00 00:00:00', '0.00', 0, 0),
(780, 2, 1, 1, '0000-00-00 00:00:00', '0.00', 0, 0),
(781, 2, 1, 1, '0000-00-00 00:00:00', '0.00', 0, 0),
(782, 2, 1, 1, '0000-00-00 00:00:00', '0.00', 0, 0),
(783, 2, 1, 1, '0000-00-00 00:00:00', '0.00', 0, 0),
(784, 2, 1, 1, '0000-00-00 00:00:00', '0.00', 0, 0),
(785, 2, 1, 1, '0000-00-00 00:00:00', '0.00', 0, 0),
(786, 2, 1, 1, '0000-00-00 00:00:00', '0.00', 0, 0),
(787, 2, 1, 1, '0000-00-00 00:00:00', '0.00', 0, 0),
(788, 2, 1, 1, '0000-00-00 00:00:00', '0.00', 0, 0),
(789, 2, 1, 1, '0000-00-00 00:00:00', '0.00', 0, 0),
(790, 2, 1, 1, '0000-00-00 00:00:00', '0.00', 0, 0),
(791, 2, 1, 1, '0000-00-00 00:00:00', '0.00', 0, 0),
(792, 2, 1, 1, '0000-00-00 00:00:00', '0.00', 0, 0),
(793, 2, 1, 1, '0000-00-00 00:00:00', '0.00', 0, 0),
(794, 2, 1, 1, '0000-00-00 00:00:00', '0.00', 0, 0),
(795, 2, 1, 1, '0000-00-00 00:00:00', '0.00', 0, 0),
(796, 2, 1, 1, '0000-00-00 00:00:00', '0.00', 0, 0),
(797, 2, 1, 1, '0000-00-00 00:00:00', '0.00', 0, 0),
(798, 2, 1, 1, '0000-00-00 00:00:00', '0.00', 0, 0),
(799, 2, 1, 1, '0000-00-00 00:00:00', '0.00', 0, 0),
(800, 2, 1, 1, '0000-00-00 00:00:00', '0.00', 0, 0),
(801, 2, 1, 1, '0000-00-00 00:00:00', '0.00', 0, 0),
(802, 2, 1, 1, '0000-00-00 00:00:00', '0.00', 0, 0),
(803, 2, 1, 1, '0000-00-00 00:00:00', '0.00', 0, 0),
(804, 2, 1, 1, '0000-00-00 00:00:00', '0.00', 0, 0),
(805, 2, 1, 1, '0000-00-00 00:00:00', '0.00', 0, 0),
(806, 2, 1, 1, '0000-00-00 00:00:00', '0.00', 0, 0),
(807, 2, 1, 1, '0000-00-00 00:00:00', '0.00', 0, 0),
(808, 2, 1, 1, '0000-00-00 00:00:00', '0.00', 0, 0),
(809, 2, 1, 1, '0000-00-00 00:00:00', '0.00', 0, 0),
(810, 2, 1, 1, '0000-00-00 00:00:00', '0.00', 0, 0),
(811, 2, 1, 1, '0000-00-00 00:00:00', '0.00', 0, 0),
(812, 2, 1, 1, '0000-00-00 00:00:00', '0.00', 0, 0),
(813, 2, 1, 1, '0000-00-00 00:00:00', '0.00', 0, 0),
(814, 2, 1, 1, '0000-00-00 00:00:00', '0.00', 0, 0),
(815, 2, 1, 1, '0000-00-00 00:00:00', '0.00', 0, 0),
(816, 2, 1, 1, '0000-00-00 00:00:00', '0.00', 0, 0),
(817, 2, 1, 1, '0000-00-00 00:00:00', '0.00', 0, 0),
(818, 2, 1, 1, '0000-00-00 00:00:00', '0.00', 0, 0),
(819, 2, 1, 1, '0000-00-00 00:00:00', '0.00', 0, 0),
(820, 2, 1, 1, '0000-00-00 00:00:00', '0.00', 0, 0),
(821, 2, 1, 1, '0000-00-00 00:00:00', '0.00', 0, 0),
(822, 2, 1, 1, '0000-00-00 00:00:00', '0.00', 0, 0),
(823, 2, 1, 1, '0000-00-00 00:00:00', '0.00', 0, 0),
(824, 2, 1, 1, '0000-00-00 00:00:00', '0.00', 0, 0),
(825, 2, 1, 1, '0000-00-00 00:00:00', '0.00', 0, 0),
(826, 2, 1, 1, '0000-00-00 00:00:00', '0.00', 0, 0),
(827, 2, 1, 1, '0000-00-00 00:00:00', '0.00', 0, 0),
(828, 2, 1, 1, '0000-00-00 00:00:00', '0.00', 0, 0),
(829, 2, 1, 1, '0000-00-00 00:00:00', '0.00', 0, 0),
(830, 2, 1, 1, '0000-00-00 00:00:00', '0.00', 0, 0),
(831, 2, 1, 1, '0000-00-00 00:00:00', '0.00', 0, 0),
(832, 2, 1, 1, '0000-00-00 00:00:00', '0.00', 0, 0),
(833, 2, 1, 1, '0000-00-00 00:00:00', '0.00', 0, 0),
(834, 2, 1, 1, '0000-00-00 00:00:00', '0.00', 0, 0),
(835, 2, 1, 1, '0000-00-00 00:00:00', '0.00', 0, 0),
(836, 2, 1, 1, '0000-00-00 00:00:00', '0.00', 0, 0),
(837, 2, 1, 1, '0000-00-00 00:00:00', '0.00', 0, 0),
(838, 2, 1, 1, '0000-00-00 00:00:00', '0.00', 0, 0),
(839, 2, 1, 1, '0000-00-00 00:00:00', '0.00', 0, 0),
(840, 2, 1, 1, '0000-00-00 00:00:00', '0.00', 0, 0),
(841, 2, 1, 1, '0000-00-00 00:00:00', '0.00', 0, 0),
(842, 2, 1, 1, '0000-00-00 00:00:00', '0.00', 0, 0),
(843, 2, 1, 1, '0000-00-00 00:00:00', '0.00', 0, 0),
(844, 2, 1, 1, '0000-00-00 00:00:00', '0.00', 0, 0),
(845, 2, 1, 1, '0000-00-00 00:00:00', '0.00', 0, 0),
(846, 2, 1, 1, '0000-00-00 00:00:00', '0.00', 0, 0),
(847, 2, 1, 1, '0000-00-00 00:00:00', '0.00', 0, 0),
(848, 2, 1, 1, '0000-00-00 00:00:00', '0.00', 0, 0),
(849, 2, 1, 1, '0000-00-00 00:00:00', '0.00', 0, 0),
(850, 2, 1, 1, '0000-00-00 00:00:00', '0.00', 0, 0),
(851, 2, 1, 1, '0000-00-00 00:00:00', '0.00', 0, 0),
(852, 2, 1, 1, '0000-00-00 00:00:00', '0.00', 0, 0),
(853, 2, 1, 1, '0000-00-00 00:00:00', '0.00', 0, 0),
(854, 2, 1, 1, '0000-00-00 00:00:00', '0.00', 0, 0),
(855, 2, 1, 1, '0000-00-00 00:00:00', '0.00', 0, 0),
(856, 2, 1, 1, '0000-00-00 00:00:00', '0.00', 0, 0),
(857, 2, 1, 1, '0000-00-00 00:00:00', '0.00', 0, 0),
(858, 2, 1, 1, '0000-00-00 00:00:00', '0.00', 0, 0),
(859, 2, 1, 1, '0000-00-00 00:00:00', '0.00', 0, 0),
(860, 2, 1, 1, '0000-00-00 00:00:00', '0.00', 0, 0),
(861, 2, 1, 1, '0000-00-00 00:00:00', '0.00', 0, 0),
(862, 2, 1, 1, '0000-00-00 00:00:00', '0.00', 0, 0),
(863, 2, 1, 1, '0000-00-00 00:00:00', '0.00', 0, 0),
(864, 2, 1, 1, '0000-00-00 00:00:00', '0.00', 0, 0),
(865, 2, 1, 1, '0000-00-00 00:00:00', '0.00', 0, 0),
(866, 2, 1, 1, '0000-00-00 00:00:00', '0.00', 0, 0),
(867, 2, 1, 1, '0000-00-00 00:00:00', '0.00', 0, 0),
(868, 2, 1, 1, '0000-00-00 00:00:00', '0.00', 0, 0),
(869, 2, 1, 1, '0000-00-00 00:00:00', '0.00', 0, 0),
(870, 2, 1, 1, '0000-00-00 00:00:00', '0.00', 0, 0),
(871, 2, 1, 1, '0000-00-00 00:00:00', '0.00', 0, 0),
(872, 2, 1, 1, '0000-00-00 00:00:00', '0.00', 0, 0),
(873, 2, 1, 1, '0000-00-00 00:00:00', '0.00', 0, 0),
(874, 2, 1, 1, '0000-00-00 00:00:00', '0.00', 0, 0),
(875, 2, 1, 1, '0000-00-00 00:00:00', '0.00', 0, 0),
(876, 2, 1, 1, '0000-00-00 00:00:00', '0.00', 0, 0),
(877, 2, 1, 1, '0000-00-00 00:00:00', '0.00', 0, 0),
(878, 2, 1, 1, '0000-00-00 00:00:00', '0.00', 0, 0),
(879, 2, 1, 1, '0000-00-00 00:00:00', '0.00', 0, 0),
(880, 2, 1, 1, '0000-00-00 00:00:00', '0.00', 0, 0),
(881, 2, 1, 1, '0000-00-00 00:00:00', '0.00', 0, 0),
(882, 2, 1, 1, '0000-00-00 00:00:00', '0.00', 0, 0),
(883, 2, 1, 1, '0000-00-00 00:00:00', '0.00', 0, 0),
(884, 2, 1, 1, '0000-00-00 00:00:00', '0.00', 0, 0),
(885, 2, 1, 1, '0000-00-00 00:00:00', '0.00', 0, 0),
(886, 2, 1, 1, '0000-00-00 00:00:00', '0.00', 0, 0),
(887, 2, 1, 1, '0000-00-00 00:00:00', '0.00', 0, 0),
(888, 2, 1, 1, '0000-00-00 00:00:00', '0.00', 0, 0),
(889, 2, 1, 1, '0000-00-00 00:00:00', '0.00', 0, 0),
(890, 2, 1, 1, '0000-00-00 00:00:00', '0.00', 0, 0),
(891, 2, 1, 1, '0000-00-00 00:00:00', '0.00', 0, 0),
(892, 2, 1, 1, '0000-00-00 00:00:00', '0.00', 0, 0),
(893, 2, 1, 1, '0000-00-00 00:00:00', '0.00', 0, 0),
(894, 2, 1, 1, '0000-00-00 00:00:00', '0.00', 0, 0),
(895, 2, 1, 1, '0000-00-00 00:00:00', '0.00', 0, 0),
(896, 2, 1, 1, '0000-00-00 00:00:00', '0.00', 0, 0),
(897, 2, 1, 1, '0000-00-00 00:00:00', '0.00', 0, 0),
(898, 2, 1, 1, '0000-00-00 00:00:00', '0.00', 0, 0),
(899, 2, 1, 1, '0000-00-00 00:00:00', '0.00', 0, 0),
(900, 2, 1, 1, '0000-00-00 00:00:00', '0.00', 0, 0),
(901, 2, 1, 1, '0000-00-00 00:00:00', '0.00', 0, 0),
(902, 2, 1, 1, '0000-00-00 00:00:00', '0.00', 0, 0),
(903, 2, 1, 1, '0000-00-00 00:00:00', '0.00', 0, 0),
(904, 2, 1, 1, '0000-00-00 00:00:00', '0.00', 0, 0),
(905, 2, 1, 1, '0000-00-00 00:00:00', '0.00', 0, 0),
(906, 2, 1, 1, '0000-00-00 00:00:00', '0.00', 0, 0),
(907, 2, 1, 1, '0000-00-00 00:00:00', '0.00', 0, 0),
(908, 2, 1, 1, '0000-00-00 00:00:00', '0.00', 0, 0),
(909, 2, 1, 1, '0000-00-00 00:00:00', '0.00', 0, 0),
(910, 2, 1, 1, '0000-00-00 00:00:00', '0.00', 0, 0),
(911, 2, 1, 1, '0000-00-00 00:00:00', '0.00', 0, 0),
(912, 2, 1, 1, '0000-00-00 00:00:00', '0.00', 0, 0),
(913, 2, 1, 1, '0000-00-00 00:00:00', '0.00', 0, 0),
(914, 2, 1, 1, '0000-00-00 00:00:00', '0.00', 0, 0),
(915, 2, 1, 1, '0000-00-00 00:00:00', '0.00', 0, 0),
(916, 2, 1, 1, '0000-00-00 00:00:00', '0.00', 0, 0),
(917, 2, 1, 1, '0000-00-00 00:00:00', '0.00', 0, 0),
(918, 2, 1, 1, '0000-00-00 00:00:00', '0.00', 0, 0),
(919, 2, 1, 1, '0000-00-00 00:00:00', '0.00', 0, 0),
(920, 2, 1, 1, '0000-00-00 00:00:00', '0.00', 0, 0),
(921, 2, 1, 1, '0000-00-00 00:00:00', '0.00', 0, 0),
(922, 2, 1, 1, '0000-00-00 00:00:00', '0.00', 0, 0),
(923, 2, 1, 1, '0000-00-00 00:00:00', '0.00', 0, 0),
(924, 2, 1, 1, '0000-00-00 00:00:00', '0.00', 0, 0),
(925, 2, 1, 1, '0000-00-00 00:00:00', '0.00', 0, 0),
(926, 2, 1, 1, '0000-00-00 00:00:00', '0.00', 0, 0),
(927, 2, 1, 1, '0000-00-00 00:00:00', '0.00', 0, 0),
(928, 2, 1, 1, '0000-00-00 00:00:00', '0.00', 0, 0),
(929, 2, 1, 1, '0000-00-00 00:00:00', '0.00', 0, 0),
(930, 2, 1, 1, '0000-00-00 00:00:00', '0.00', 0, 0),
(931, 2, 1, 1, '0000-00-00 00:00:00', '0.00', 0, 0),
(932, 2, 1, 1, '0000-00-00 00:00:00', '0.00', 0, 0),
(933, 2, 1, 1, '0000-00-00 00:00:00', '0.00', 0, 0),
(934, 2, 1, 1, '0000-00-00 00:00:00', '0.00', 0, 0),
(935, 2, 1, 1, '0000-00-00 00:00:00', '0.00', 0, 0),
(936, 2, 1, 1, '0000-00-00 00:00:00', '0.00', 0, 0),
(937, 2, 1, 1, '0000-00-00 00:00:00', '0.00', 0, 0),
(938, 2, 1, 1, '0000-00-00 00:00:00', '0.00', 0, 0),
(939, 2, 1, 1, '0000-00-00 00:00:00', '0.00', 0, 0),
(940, 2, 1, 1, '0000-00-00 00:00:00', '0.00', 0, 0),
(941, 2, 1, 1, '0000-00-00 00:00:00', '0.00', 0, 0),
(942, 2, 1, 1, '0000-00-00 00:00:00', '0.00', 0, 0),
(943, 2, 1, 1, '0000-00-00 00:00:00', '0.00', 0, 0),
(944, 2, 1, 1, '0000-00-00 00:00:00', '0.00', 0, 0),
(945, 2, 1, 1, '0000-00-00 00:00:00', '0.00', 0, 0),
(946, 1, 1, 1, '0000-00-00 00:00:00', '0.00', 0, 0),
(947, 1, 1, 1, '0000-00-00 00:00:00', '0.00', 0, 0),
(948, 1, 1, 1, '0000-00-00 00:00:00', '0.00', 0, 0),
(949, 1, 1, 1, '0000-00-00 00:00:00', '0.00', 0, 0),
(950, 1, 1, 1, '0000-00-00 00:00:00', '0.00', 0, 0),
(951, 1, 1, 1, '0000-00-00 00:00:00', '0.00', 0, 0),
(952, 1, 1, 1, '0000-00-00 00:00:00', '0.00', 0, 0),
(953, 1, 1, 1, '0000-00-00 00:00:00', '0.00', 0, 0),
(954, 1, 1, 1, '0000-00-00 00:00:00', '0.00', 0, 0),
(955, 1, 1, 1, '0000-00-00 00:00:00', '0.00', 0, 0),
(956, 1, 1, 1, '0000-00-00 00:00:00', '0.00', 0, 0),
(957, 1, 1, 1, '0000-00-00 00:00:00', '0.00', 0, 0),
(958, 1, 1, 1, '0000-00-00 00:00:00', '0.00', 0, 0),
(959, 1, 1, 1, '0000-00-00 00:00:00', '0.00', 0, 0),
(960, 1, 1, 1, '0000-00-00 00:00:00', '0.00', 0, 0),
(961, 1, 1, 1, '0000-00-00 00:00:00', '0.00', 0, 0),
(962, 1, 1, 1, '0000-00-00 00:00:00', '0.00', 0, 0),
(963, 1, 1, 1, '0000-00-00 00:00:00', '0.00', 0, 0),
(964, 1, 1, 1, '0000-00-00 00:00:00', '0.00', 0, 0),
(965, 1, 1, 1, '0000-00-00 00:00:00', '0.00', 0, 0),
(966, 1, 1, 1, '0000-00-00 00:00:00', '0.00', 0, 0),
(967, 1, 1, 1, '0000-00-00 00:00:00', '0.00', 0, 0),
(968, 1, 1, 1, '0000-00-00 00:00:00', '0.00', 0, 0),
(969, 1, 1, 1, '0000-00-00 00:00:00', '0.00', 0, 0),
(970, 1, 1, 1, '0000-00-00 00:00:00', '0.00', 0, 0),
(971, 1, 1, 1, '0000-00-00 00:00:00', '0.00', 0, 0),
(972, 1, 1, 1, '0000-00-00 00:00:00', '0.00', 0, 0),
(973, 1, 1, 1, '0000-00-00 00:00:00', '0.00', 0, 0),
(974, 1, 1, 1, '0000-00-00 00:00:00', '0.00', 0, 0),
(975, 1, 1, 1, '0000-00-00 00:00:00', '0.00', 0, 0),
(976, 1, 1, 1, '0000-00-00 00:00:00', '0.00', 0, 0),
(977, 1, 1, 1, '0000-00-00 00:00:00', '0.00', 0, 0),
(978, 1, 1, 1, '0000-00-00 00:00:00', '0.00', 0, 0),
(979, 1, 1, 1, '0000-00-00 00:00:00', '0.00', 0, 0),
(980, 1, 1, 1, '0000-00-00 00:00:00', '0.00', 0, 0),
(981, 1, 1, 1, '0000-00-00 00:00:00', '0.00', 0, 0),
(982, 1, 1, 1, '0000-00-00 00:00:00', '0.00', 0, 0),
(983, 1, 1, 1, '0000-00-00 00:00:00', '0.00', 0, 0),
(984, 1, 1, 1, '0000-00-00 00:00:00', '0.00', 0, 0),
(985, 1, 1, 1, '0000-00-00 00:00:00', '0.00', 0, 0),
(986, 1, 1, 1, '0000-00-00 00:00:00', '0.00', 0, 0),
(987, 1, 1, 1, '0000-00-00 00:00:00', '0.00', 0, 0),
(988, 1, 1, 1, '0000-00-00 00:00:00', '0.00', 0, 0),
(989, 1, 1, 1, '0000-00-00 00:00:00', '0.00', 0, 0),
(990, 1, 1, 1, '0000-00-00 00:00:00', '0.00', 0, 0),
(991, 1, 1, 1, '0000-00-00 00:00:00', '0.00', 0, 0),
(992, 1, 1, 1, '0000-00-00 00:00:00', '0.00', 0, 0),
(993, 1, 1, 1, '0000-00-00 00:00:00', '0.00', 0, 0),
(994, 1, 1, 1, '0000-00-00 00:00:00', '0.00', 0, 0),
(995, 1, 1, 1, '0000-00-00 00:00:00', '0.00', 0, 0),
(996, 1, 1, 1, '0000-00-00 00:00:00', '0.00', 0, 0),
(997, 1, 1, 1, '0000-00-00 00:00:00', '0.00', 0, 0),
(998, 1, 1, 1, '0000-00-00 00:00:00', '0.00', 0, 0),
(999, 1, 1, 1, '0000-00-00 00:00:00', '0.00', 0, 0),
(1000, 1, 1, 1, '0000-00-00 00:00:00', '0.00', 0, 0),
(1001, 1, 1, 1, '0000-00-00 00:00:00', '0.00', 0, 0),
(1002, 1, 1, 1, '0000-00-00 00:00:00', '0.00', 0, 0),
(1003, 1, 1, 1, '0000-00-00 00:00:00', '0.00', 0, 0),
(1004, 1, 1, 1, '0000-00-00 00:00:00', '0.00', 0, 0),
(1005, 1, 1, 1, '0000-00-00 00:00:00', '0.00', 0, 0),
(1006, 1, 1, 1, '0000-00-00 00:00:00', '0.00', 0, 0),
(1007, 1, 1, 1, '0000-00-00 00:00:00', '0.00', 0, 0),
(1008, 1, 1, 1, '0000-00-00 00:00:00', '0.00', 0, 0),
(1009, 1, 1, 1, '0000-00-00 00:00:00', '0.00', 0, 0),
(1010, 1, 1, 1, '0000-00-00 00:00:00', '0.00', 0, 0),
(1011, 1, 1, 1, '0000-00-00 00:00:00', '0.00', 0, 0),
(1012, 1, 1, 1, '0000-00-00 00:00:00', '0.00', 0, 0),
(1013, 1, 1, 1, '0000-00-00 00:00:00', '0.00', 0, 0),
(1014, 1, 1, 1, '0000-00-00 00:00:00', '0.00', 0, 0),
(1015, 1, 1, 1, '0000-00-00 00:00:00', '0.00', 0, 0),
(1016, 1, 1, 1, '0000-00-00 00:00:00', '60.00', 0, 1),
(1017, 1, 1, 1, '0000-00-00 00:00:00', '0.00', 0, 0),
(1018, 1, 1, 1, '0000-00-00 00:00:00', '0.00', 0, 0),
(1019, 1, 1, 1, '0000-00-00 00:00:00', '0.00', 0, 0),
(1020, 1, 1, 1, '0000-00-00 00:00:00', '0.00', 0, 0),
(1021, 1, 1, 1, '0000-00-00 00:00:00', '0.00', 0, 0),
(1022, 1, 1, 1, '0000-00-00 00:00:00', '0.00', 0, 0),
(1023, 1, 1, 1, '0000-00-00 00:00:00', '0.00', 0, 0),
(1024, 1, 1, 1, '0000-00-00 00:00:00', '0.00', 0, 0),
(1025, 1, 1, 1, '0000-00-00 00:00:00', '0.00', 0, 0),
(1026, 1, 1, 1, '0000-00-00 00:00:00', '0.00', 0, 0),
(1027, 1, 1, 1, '0000-00-00 00:00:00', '0.00', 0, 0),
(1028, 1, 1, 1, '0000-00-00 00:00:00', '0.00', 0, 0),
(1029, 1, 1, 1, '0000-00-00 00:00:00', '0.00', 0, 0),
(1030, 1, 1, 1, '0000-00-00 00:00:00', '0.00', 0, 0),
(1031, 1, 1, 1, '0000-00-00 00:00:00', '0.00', 0, 0),
(1032, 1, 1, 1, '0000-00-00 00:00:00', '0.00', 0, 0),
(1033, 1, 1, 1, '0000-00-00 00:00:00', '0.00', 0, 0),
(1034, 1, 1, 1, '0000-00-00 00:00:00', '0.00', 0, 0),
(1035, 1, 1, 1, '0000-00-00 00:00:00', '0.00', 0, 0),
(1036, 1, 1, 1, '0000-00-00 00:00:00', '0.00', 0, 0),
(1037, 1, 1, 1, '0000-00-00 00:00:00', '0.00', 0, 0),
(1038, 1, 1, 1, '0000-00-00 00:00:00', '0.00', 0, 0),
(1039, 1, 1, 1, '0000-00-00 00:00:00', '0.00', 0, 0),
(1040, 1, 1, 1, '0000-00-00 00:00:00', '0.00', 0, 0),
(1041, 1, 1, 1, '0000-00-00 00:00:00', '0.00', 0, 0),
(1042, 1, 1, 1, '0000-00-00 00:00:00', '0.00', 0, 0),
(1043, 1, 1, 1, '0000-00-00 00:00:00', '0.00', 0, 0),
(1044, 1, 1, 1, '0000-00-00 00:00:00', '0.00', 0, 0),
(1045, 1, 1, 1, '0000-00-00 00:00:00', '0.00', 0, 0),
(1046, 1, 1, 1, '0000-00-00 00:00:00', '0.00', 0, 0),
(1047, 1, 1, 1, '0000-00-00 00:00:00', '0.00', 0, 0),
(1048, 1, 1, 1, '0000-00-00 00:00:00', '0.00', 0, 0),
(1049, 1, 1, 1, '0000-00-00 00:00:00', '0.00', 0, 0),
(1050, 1, 1, 1, '0000-00-00 00:00:00', '0.00', 0, 0),
(1051, 1, 1, 1, '0000-00-00 00:00:00', '0.00', 0, 0),
(1052, 1, 1, 1, '0000-00-00 00:00:00', '0.00', 0, 0),
(1053, 1, 1, 1, '0000-00-00 00:00:00', '0.00', 0, 0),
(1054, 1, 1, 1, '0000-00-00 00:00:00', '0.00', 0, 0),
(1055, 1, 1, 1, '0000-00-00 00:00:00', '0.00', 0, 0),
(1056, 1, 1, 1, '0000-00-00 00:00:00', '0.00', 0, 0),
(1057, 1, 1, 1, '0000-00-00 00:00:00', '0.00', 0, 0),
(1058, 1, 1, 1, '0000-00-00 00:00:00', '0.00', 0, 0),
(1059, 1, 1, 1, '0000-00-00 00:00:00', '0.00', 0, 0),
(1060, 1, 1, 1, '0000-00-00 00:00:00', '0.00', 0, 0),
(1061, 1, 1, 1, '0000-00-00 00:00:00', '0.00', 0, 0),
(1062, 1, 1, 1, '0000-00-00 00:00:00', '0.00', 0, 0),
(1063, 1, 1, 1, '0000-00-00 00:00:00', '0.00', 0, 0),
(1064, 1, 1, 1, '0000-00-00 00:00:00', '0.00', 0, 0),
(1065, 1, 1, 1, '0000-00-00 00:00:00', '0.00', 0, 0),
(1066, 1, 1, 1, '0000-00-00 00:00:00', '0.00', 0, 0),
(1067, 1, 1, 1, '0000-00-00 00:00:00', '0.00', 0, 0),
(1068, 1, 1, 1, '0000-00-00 00:00:00', '0.00', 0, 0),
(1069, 1, 1, 1, '0000-00-00 00:00:00', '0.00', 0, 0),
(1070, 1, 1, 1, '0000-00-00 00:00:00', '0.00', 0, 0),
(1071, 1, 1, 1, '0000-00-00 00:00:00', '0.00', 0, 0),
(1072, 1, 1, 1, '0000-00-00 00:00:00', '0.00', 0, 0),
(1073, 1, 1, 1, '0000-00-00 00:00:00', '0.00', 0, 0),
(1074, 1, 1, 1, '0000-00-00 00:00:00', '0.00', 0, 0),
(1075, 1, 1, 1, '0000-00-00 00:00:00', '0.00', 0, 0),
(1076, 1, 1, 1, '0000-00-00 00:00:00', '0.00', 0, 0),
(1077, 1, 1, 1, '0000-00-00 00:00:00', '0.00', 0, 0),
(1078, 1, 1, 1, '0000-00-00 00:00:00', '0.00', 0, 0),
(1079, 1, 1, 1, '0000-00-00 00:00:00', '0.00', 0, 0),
(1080, 1, 1, 1, '0000-00-00 00:00:00', '0.00', 0, 0),
(1081, 1, 1, 1, '0000-00-00 00:00:00', '0.00', 0, 0),
(1082, 1, 1, 1, '0000-00-00 00:00:00', '0.00', 0, 0),
(1083, 1, 1, 1, '0000-00-00 00:00:00', '0.00', 0, 0),
(1084, 1, 1, 1, '0000-00-00 00:00:00', '0.00', 0, 0),
(1085, 1, 1, 1, '0000-00-00 00:00:00', '0.00', 0, 0),
(1086, 1, 1, 1, '0000-00-00 00:00:00', '0.00', 0, 0),
(1087, 1, 1, 1, '0000-00-00 00:00:00', '0.00', 0, 0),
(1088, 1, 1, 1, '0000-00-00 00:00:00', '0.00', 0, 0),
(1089, 1, 1, 1, '0000-00-00 00:00:00', '0.00', 0, 0),
(1090, 1, 1, 1, '0000-00-00 00:00:00', '0.00', 0, 0),
(1091, 1, 1, 1, '0000-00-00 00:00:00', '0.00', 0, 0),
(1092, 1, 1, 1, '0000-00-00 00:00:00', '0.00', 0, 0),
(1093, 1, 1, 1, '0000-00-00 00:00:00', '0.00', 0, 0),
(1094, 1, 1, 1, '0000-00-00 00:00:00', '0.00', 0, 0),
(1095, 1, 1, 1, '0000-00-00 00:00:00', '0.00', 0, 0),
(1096, 1, 1, 1, '0000-00-00 00:00:00', '0.00', 0, 0),
(1097, 1, 1, 1, '0000-00-00 00:00:00', '0.00', 0, 0);
INSERT INTO `sales` (`sale_id`, `type_vente`, `point_vente_id`, `user_id`, `time`, `sum`, `paiement_id`, `is_active`) VALUES
(1098, 1, 1, 1, '0000-00-00 00:00:00', '0.00', 0, 0),
(1099, 1, 1, 1, '0000-00-00 00:00:00', '0.00', 0, 0),
(1100, 1, 1, 1, '0000-00-00 00:00:00', '0.00', 0, 0),
(1101, 1, 1, 1, '0000-00-00 00:00:00', '0.00', 0, 0),
(1102, 1, 1, 1, '0000-00-00 00:00:00', '0.00', 0, 0),
(1103, 1, 1, 1, '0000-00-00 00:00:00', '0.00', 0, 0),
(1104, 1, 1, 1, '0000-00-00 00:00:00', '0.00', 0, 0),
(1105, 1, 1, 1, '0000-00-00 00:00:00', '0.00', 0, 0),
(1106, 1, 1, 1, '0000-00-00 00:00:00', '0.00', 0, 0),
(1107, 1, 1, 1, '0000-00-00 00:00:00', '0.00', 0, 0),
(1108, 1, 1, 1, '0000-00-00 00:00:00', '0.00', 0, 0),
(1109, 1, 1, 1, '0000-00-00 00:00:00', '0.00', 0, 0),
(1110, 1, 1, 1, '0000-00-00 00:00:00', '0.00', 0, 0),
(1111, 1, 1, 1, '0000-00-00 00:00:00', '0.00', 0, 0),
(1112, 1, 1, 1, '0000-00-00 00:00:00', '0.00', 0, 0),
(1113, 1, 1, 1, '0000-00-00 00:00:00', '0.00', 0, 0),
(1114, 1, 1, 1, '0000-00-00 00:00:00', '0.00', 0, 0),
(1115, 1, 1, 1, '0000-00-00 00:00:00', '0.00', 0, 0),
(1116, 1, 1, 1, '0000-00-00 00:00:00', '0.00', 0, 0),
(1117, 1, 1, 1, '0000-00-00 00:00:00', '0.00', 0, 0),
(1118, 1, 1, 1, '0000-00-00 00:00:00', '0.00', 0, 0),
(1119, 1, 1, 1, '0000-00-00 00:00:00', '0.00', 0, 0),
(1120, 1, 1, 1, '0000-00-00 00:00:00', '0.00', 0, 0),
(1121, 1, 1, 1, '0000-00-00 00:00:00', '0.00', 0, 0),
(1122, 1, 1, 1, '0000-00-00 00:00:00', '0.00', 0, 0),
(1123, 1, 1, 1, '0000-00-00 00:00:00', '0.00', 0, 0),
(1124, 1, 1, 1, '0000-00-00 00:00:00', '0.00', 0, 0),
(1125, 1, 1, 1, '0000-00-00 00:00:00', '0.00', 0, 0),
(1126, 1, 1, 1, '0000-00-00 00:00:00', '0.00', 0, 0),
(1127, 1, 1, 1, '0000-00-00 00:00:00', '0.00', 0, 0),
(1128, 1, 1, 1, '0000-00-00 00:00:00', '0.00', 0, 0),
(1129, 1, 1, 1, '0000-00-00 00:00:00', '0.00', 0, 0),
(1130, 1, 1, 1, '0000-00-00 00:00:00', '0.00', 0, 0),
(1131, 1, 1, 1, '0000-00-00 00:00:00', '0.00', 0, 0),
(1132, 1, 1, 1, '0000-00-00 00:00:00', '0.00', 0, 0),
(1133, 1, 1, 1, '0000-00-00 00:00:00', '0.00', 0, 0),
(1134, 1, 1, 1, '0000-00-00 00:00:00', '0.00', 0, 0),
(1135, 1, 1, 1, '0000-00-00 00:00:00', '0.00', 0, 0),
(1136, 1, 1, 1, '0000-00-00 00:00:00', '0.00', 0, 0),
(1137, 1, 1, 1, '0000-00-00 00:00:00', '0.00', 0, 0),
(1138, 1, 1, 1, '0000-00-00 00:00:00', '0.00', 0, 0),
(1139, 1, 1, 1, '0000-00-00 00:00:00', '0.00', 0, 0),
(1140, 1, 1, 1, '0000-00-00 00:00:00', '0.00', 0, 0),
(1141, 1, 1, 1, '0000-00-00 00:00:00', '0.00', 0, 0),
(1142, 1, 1, 1, '0000-00-00 00:00:00', '0.00', 0, 0),
(1143, 1, 1, 1, '0000-00-00 00:00:00', '0.00', 0, 0),
(1144, 1, 1, 1, '0000-00-00 00:00:00', '0.00', 0, 0),
(1145, 1, 1, 1, '0000-00-00 00:00:00', '0.00', 0, 0),
(1146, 1, 1, 1, '0000-00-00 00:00:00', '0.00', 0, 0),
(1147, 1, 1, 1, '0000-00-00 00:00:00', '1.00', 0, 1),
(1148, 1, 1, 1, '0000-00-00 00:00:00', '0.00', 0, 0),
(1149, 1, 1, 1, '0000-00-00 00:00:00', '0.00', 0, 0),
(1150, 1, 1, 1, '0000-00-00 00:00:00', '0.00', 0, 0),
(1151, 1, 1, 1, '0000-00-00 00:00:00', '0.00', 0, 0),
(1152, 1, 1, 1, '0000-00-00 00:00:00', '0.00', 0, 0),
(1153, 1, 1, 1, '0000-00-00 00:00:00', '0.00', 0, 0),
(1154, 1, 1, 1, '0000-00-00 00:00:00', '0.00', 0, 0),
(1155, 1, 1, 1, '0000-00-00 00:00:00', '0.00', 0, 0),
(1156, 1, 1, 1, '0000-00-00 00:00:00', '0.00', 0, 0),
(1157, 1, 1, 1, '0000-00-00 00:00:00', '0.00', 0, 0),
(1158, 1, 1, 1, '0000-00-00 00:00:00', '0.00', 0, 0),
(1159, 1, 1, 1, '0000-00-00 00:00:00', '0.00', 0, 0),
(1160, 1, 1, 1, '0000-00-00 00:00:00', '0.00', 0, 0),
(1161, 1, 1, 1, '0000-00-00 00:00:00', '0.00', 0, 0),
(1162, 1, 1, 1, '0000-00-00 00:00:00', '0.00', 0, 0),
(1163, 1, 1, 1, '0000-00-00 00:00:00', '0.00', 0, 0),
(1164, 1, 1, 1, '0000-00-00 00:00:00', '0.00', 0, 0),
(1165, 1, 1, 1, '0000-00-00 00:00:00', '0.00', 0, 0),
(1166, 1, 1, 1, '0000-00-00 00:00:00', '0.00', 0, 0),
(1167, 1, 1, 1, '0000-00-00 00:00:00', '0.00', 0, 0),
(1168, 1, 1, 1, '0000-00-00 00:00:00', '0.00', 0, 0),
(1169, 1, 1, 1, '0000-00-00 00:00:00', '0.00', 0, 0),
(1170, 1, 1, 1, '0000-00-00 00:00:00', '0.00', 0, 0),
(1171, 1, 1, 1, '0000-00-00 00:00:00', '0.00', 0, 0),
(1172, 1, 1, 1, '0000-00-00 00:00:00', '0.00', 0, 0),
(1173, 1, 1, 1, '0000-00-00 00:00:00', '0.00', 0, 0),
(1174, 1, 1, 1, '0000-00-00 00:00:00', '0.00', 0, 0),
(1175, 1, 1, 1, '0000-00-00 00:00:00', '0.00', 0, 0),
(1176, 1, 1, 1, '0000-00-00 00:00:00', '0.00', 0, 0),
(1177, 1, 1, 1, '0000-00-00 00:00:00', '0.00', 0, 0),
(1178, 1, 1, 1, '0000-00-00 00:00:00', '0.00', 0, 0),
(1179, 1, 1, 1, '0000-00-00 00:00:00', '0.00', 0, 0),
(1180, 1, 1, 1, '0000-00-00 00:00:00', '0.00', 0, 0),
(1181, 1, 1, 1, '0000-00-00 00:00:00', '0.00', 0, 0),
(1182, 1, 1, 1, '0000-00-00 00:00:00', '0.00', 0, 0),
(1183, 1, 1, 1, '0000-00-00 00:00:00', '0.00', 0, 0),
(1184, 1, 1, 1, '0000-00-00 00:00:00', '0.00', 0, 0),
(1185, 1, 1, 1, '0000-00-00 00:00:00', '0.00', 0, 0),
(1186, 1, 1, 1, '0000-00-00 00:00:00', '0.00', 0, 0),
(1187, 1, 1, 1, '0000-00-00 00:00:00', '0.00', 0, 0),
(1188, 1, 1, 1, '0000-00-00 00:00:00', '0.00', 0, 0),
(1189, 1, 1, 1, '0000-00-00 00:00:00', '0.00', 0, 0),
(1190, 1, 1, 1, '0000-00-00 00:00:00', '0.00', 0, 0),
(1191, 1, 1, 1, '0000-00-00 00:00:00', '0.00', 0, 0),
(1192, 1, 1, 1, '0000-00-00 00:00:00', '0.00', 0, 0),
(1193, 1, 1, 1, '0000-00-00 00:00:00', '0.00', 0, 0),
(1194, 1, 1, 1, '0000-00-00 00:00:00', '0.00', 0, 0),
(1195, 1, 1, 1, '0000-00-00 00:00:00', '0.00', 0, 0),
(1196, 1, 1, 1, '0000-00-00 00:00:00', '0.00', 0, 0),
(1197, 1, 1, 1, '0000-00-00 00:00:00', '0.00', 0, 0),
(1198, 1, 1, 1, '0000-00-00 00:00:00', '0.00', 0, 0),
(1199, 1, 1, 1, '0000-00-00 00:00:00', '0.00', 0, 0),
(1200, 1, 1, 1, '0000-00-00 00:00:00', '0.00', 0, 0),
(1201, 1, 1, 1, '0000-00-00 00:00:00', '0.00', 0, 0),
(1202, 1, 1, 1, '0000-00-00 00:00:00', '0.00', 0, 0),
(1203, 1, 1, 1, '0000-00-00 00:00:00', '0.00', 0, 0),
(1204, 1, 1, 1, '0000-00-00 00:00:00', '0.00', 0, 0),
(1205, 1, 1, 1, '0000-00-00 00:00:00', '0.00', 0, 0),
(1206, 1, 1, 1, '0000-00-00 00:00:00', '0.00', 0, 0),
(1207, 1, 1, 1, '0000-00-00 00:00:00', '0.00', 0, 0),
(1208, 1, 1, 1, '0000-00-00 00:00:00', '0.00', 0, 0),
(1209, 1, 1, 1, '0000-00-00 00:00:00', '0.00', 0, 0),
(1210, 1, 1, 1, '0000-00-00 00:00:00', '0.00', 0, 0),
(1211, 1, 1, 1, '0000-00-00 00:00:00', '0.00', 0, 0),
(1212, 1, 1, 1, '0000-00-00 00:00:00', '0.00', 0, 0),
(1213, 1, 1, 1, '0000-00-00 00:00:00', '0.00', 0, 0),
(1214, 1, 1, 1, '0000-00-00 00:00:00', '0.00', 0, 0),
(1215, 1, 1, 1, '0000-00-00 00:00:00', '0.00', 0, 0),
(1216, 1, 1, 1, '0000-00-00 00:00:00', '0.00', 0, 0),
(1217, 1, 1, 1, '0000-00-00 00:00:00', '0.00', 0, 0),
(1218, 1, 1, 1, '0000-00-00 00:00:00', '0.00', 0, 0),
(1219, 1, 1, 1, '0000-00-00 00:00:00', '0.00', 0, 0),
(1220, 1, 1, 1, '0000-00-00 00:00:00', '0.00', 0, 0),
(1221, 1, 1, 1, '0000-00-00 00:00:00', '0.00', 0, 0),
(1222, 1, 1, 1, '0000-00-00 00:00:00', '0.00', 0, 0),
(1223, 1, 1, 1, '0000-00-00 00:00:00', '0.00', 0, 0),
(1224, 1, 1, 1, '0000-00-00 00:00:00', '0.00', 0, 0),
(1225, 1, 1, 1, '0000-00-00 00:00:00', '0.00', 0, 0),
(1226, 1, 1, 1, '0000-00-00 00:00:00', '0.00', 0, 0),
(1227, 1, 1, 1, '0000-00-00 00:00:00', '0.00', 0, 0),
(1228, 1, 1, 1, '0000-00-00 00:00:00', '0.00', 0, 0),
(1229, 1, 1, 1, '0000-00-00 00:00:00', '0.00', 0, 0),
(1230, 1, 1, 1, '0000-00-00 00:00:00', '0.00', 0, 0),
(1231, 1, 1, 1, '0000-00-00 00:00:00', '0.00', 0, 0),
(1232, 1, 1, 1, '0000-00-00 00:00:00', '0.00', 0, 0),
(1233, 1, 1, 1, '0000-00-00 00:00:00', '0.00', 0, 0),
(1234, 1, 1, 1, '0000-00-00 00:00:00', '0.00', 0, 0),
(1235, 1, 1, 1, '0000-00-00 00:00:00', '0.00', 0, 0),
(1236, 1, 1, 1, '0000-00-00 00:00:00', '0.00', 0, 0),
(1237, 1, 1, 1, '0000-00-00 00:00:00', '0.00', 0, 0),
(1238, 1, 1, 1, '0000-00-00 00:00:00', '0.00', 0, 0),
(1239, 1, 1, 1, '0000-00-00 00:00:00', '0.00', 0, 0),
(1240, 1, 1, 1, '0000-00-00 00:00:00', '0.00', 0, 0),
(1241, 1, 1, 1, '0000-00-00 00:00:00', '0.00', 0, 0),
(1242, 1, 1, 1, '0000-00-00 00:00:00', '0.00', 0, 0),
(1243, 1, 1, 1, '0000-00-00 00:00:00', '0.00', 0, 0),
(1244, 1, 1, 1, '0000-00-00 00:00:00', '0.00', 0, 0),
(1245, 1, 1, 1, '0000-00-00 00:00:00', '0.00', 0, 0),
(1246, 1, 1, 1, '0000-00-00 00:00:00', '0.00', 0, 0),
(1247, 1, 1, 1, '0000-00-00 00:00:00', '0.00', 0, 0),
(1248, 1, 1, 1, '0000-00-00 00:00:00', '0.00', 0, 0),
(1249, 1, 1, 1, '0000-00-00 00:00:00', '0.00', 0, 0),
(1250, 1, 1, 1, '0000-00-00 00:00:00', '0.00', 0, 0),
(1251, 1, 1, 1, '0000-00-00 00:00:00', '0.00', 0, 0),
(1252, 1, 1, 1, '0000-00-00 00:00:00', '0.00', 0, 0),
(1253, 1, 1, 1, '0000-00-00 00:00:00', '0.00', 0, 0),
(1254, 1, 1, 1, '0000-00-00 00:00:00', '0.00', 0, 0),
(1255, 1, 1, 1, '0000-00-00 00:00:00', '0.00', 0, 0),
(1256, 1, 1, 1, '0000-00-00 00:00:00', '0.00', 0, 0),
(1257, 1, 1, 1, '0000-00-00 00:00:00', '0.00', 0, 0),
(1258, 1, 1, 1, '0000-00-00 00:00:00', '0.00', 0, 0),
(1259, 1, 1, 1, '0000-00-00 00:00:00', '0.00', 0, 0),
(1260, 1, 1, 1, '0000-00-00 00:00:00', '0.00', 0, 0),
(1261, 1, 1, 1, '0000-00-00 00:00:00', '0.00', 0, 0),
(1262, 1, 1, 1, '0000-00-00 00:00:00', '0.00', 0, 0),
(1263, 1, 1, 1, '0000-00-00 00:00:00', '0.00', 0, 0),
(1264, 1, 1, 1, '0000-00-00 00:00:00', '0.00', 0, 0),
(1265, 1, 1, 1, '0000-00-00 00:00:00', '0.00', 0, 0),
(1266, 1, 1, 1, '0000-00-00 00:00:00', '0.00', 0, 0),
(1267, 1, 1, 1, '0000-00-00 00:00:00', '0.00', 0, 0),
(1268, 1, 1, 1, '0000-00-00 00:00:00', '0.00', 0, 0),
(1269, 1, 1, 1, '0000-00-00 00:00:00', '0.00', 0, 0),
(1270, 1, 1, 1, '0000-00-00 00:00:00', '0.00', 0, 0),
(1271, 1, 1, 1, '0000-00-00 00:00:00', '0.00', 0, 0),
(1272, 1, 1, 1, '0000-00-00 00:00:00', '0.00', 0, 0),
(1273, 1, 1, 1, '0000-00-00 00:00:00', '0.00', 0, 0),
(1274, 1, 1, 1, '0000-00-00 00:00:00', '0.00', 0, 0),
(1275, 1, 1, 1, '0000-00-00 00:00:00', '0.00', 0, 0),
(1276, 1, 1, 1, '0000-00-00 00:00:00', '0.00', 0, 0),
(1277, 1, 1, 1, '0000-00-00 00:00:00', '0.00', 0, 0),
(1278, 1, 1, 1, '0000-00-00 00:00:00', '0.00', 0, 0),
(1279, 1, 1, 1, '0000-00-00 00:00:00', '0.00', 0, 0),
(1280, 1, 1, 1, '0000-00-00 00:00:00', '0.00', 0, 0),
(1281, 1, 1, 1, '0000-00-00 00:00:00', '0.00', 0, 0),
(1282, 1, 1, 1, '0000-00-00 00:00:00', '0.00', 0, 0),
(1283, 1, 1, 1, '0000-00-00 00:00:00', '0.00', 0, 0),
(1284, 1, 1, 1, '0000-00-00 00:00:00', '0.00', 0, 0),
(1285, 1, 1, 1, '0000-00-00 00:00:00', '0.00', 0, 0),
(1286, 1, 1, 1, '0000-00-00 00:00:00', '0.00', 0, 0),
(1287, 1, 1, 1, '0000-00-00 00:00:00', '0.00', 0, 0),
(1288, 1, 1, 1, '0000-00-00 00:00:00', '0.00', 0, 0),
(1289, 1, 1, 1, '0000-00-00 00:00:00', '0.00', 0, 0),
(1290, 1, 1, 1, '0000-00-00 00:00:00', '0.00', 0, 0),
(1291, 1, 1, 1, '0000-00-00 00:00:00', '0.00', 0, 0),
(1292, 1, 1, 1, '0000-00-00 00:00:00', '0.00', 0, 0),
(1293, 1, 1, 1, '0000-00-00 00:00:00', '0.00', 0, 0),
(1294, 1, 1, 1, '0000-00-00 00:00:00', '0.00', 0, 0),
(1295, 1, 1, 1, '0000-00-00 00:00:00', '0.00', 0, 0),
(1296, 1, 1, 1, '0000-00-00 00:00:00', '0.00', 0, 0),
(1297, 1, 1, 1, '0000-00-00 00:00:00', '0.00', 0, 0),
(1298, 1, 1, 1, '0000-00-00 00:00:00', '0.00', 0, 0),
(1299, 1, 1, 1, '0000-00-00 00:00:00', '0.00', 0, 0),
(1300, 1, 1, 1, '0000-00-00 00:00:00', '0.00', 0, 0),
(1301, 1, 1, 1, '0000-00-00 00:00:00', '0.00', 0, 0),
(1302, 1, 1, 1, '0000-00-00 00:00:00', '0.00', 0, 0),
(1303, 1, 1, 1, '0000-00-00 00:00:00', '0.00', 0, 0),
(1304, 1, 1, 1, '0000-00-00 00:00:00', '0.00', 0, 0),
(1305, 1, 1, 1, '0000-00-00 00:00:00', '0.00', 0, 0),
(1306, 1, 1, 1, '0000-00-00 00:00:00', '0.00', 0, 0),
(1307, 1, 1, 1, '0000-00-00 00:00:00', '0.00', 0, 0),
(1308, 1, 1, 1, '0000-00-00 00:00:00', '0.00', 0, 0),
(1309, 1, 1, 1, '0000-00-00 00:00:00', '0.00', 0, 0),
(1310, 1, 1, 1, '0000-00-00 00:00:00', '0.00', 0, 0),
(1311, 1, 1, 1, '0000-00-00 00:00:00', '0.00', 0, 0),
(1312, 1, 1, 1, '0000-00-00 00:00:00', '0.00', 0, 0),
(1313, 1, 1, 1, '0000-00-00 00:00:00', '0.00', 0, 0),
(1314, 1, 1, 1, '0000-00-00 00:00:00', '0.00', 0, 0),
(1315, 1, 1, 1, '0000-00-00 00:00:00', '0.00', 0, 0),
(1316, 1, 1, 1, '0000-00-00 00:00:00', '0.00', 0, 0),
(1317, 1, 1, 1, '0000-00-00 00:00:00', '0.00', 0, 0),
(1318, 1, 1, 1, '0000-00-00 00:00:00', '0.00', 0, 0),
(1319, 1, 1, 1, '0000-00-00 00:00:00', '0.00', 0, 0),
(1320, 1, 1, 1, '0000-00-00 00:00:00', '0.00', 0, 0),
(1321, 1, 1, 1, '0000-00-00 00:00:00', '0.00', 0, 0),
(1322, 1, 1, 1, '0000-00-00 00:00:00', '0.00', 0, 0),
(1323, 1, 1, 1, '0000-00-00 00:00:00', '0.00', 0, 0),
(1324, 1, 1, 1, '0000-00-00 00:00:00', '0.00', 0, 0),
(1325, 1, 1, 1, '0000-00-00 00:00:00', '0.00', 0, 0),
(1326, 1, 1, 1, '0000-00-00 00:00:00', '0.00', 0, 0),
(1327, 1, 1, 1, '0000-00-00 00:00:00', '0.00', 0, 0),
(1328, 1, 1, 1, '0000-00-00 00:00:00', '0.00', 0, 0),
(1329, 1, 1, 1, '0000-00-00 00:00:00', '0.00', 0, 0),
(1330, 1, 1, 1, '0000-00-00 00:00:00', '0.00', 0, 0),
(1331, 1, 1, 1, '0000-00-00 00:00:00', '0.00', 0, 0),
(1332, 1, 1, 1, '0000-00-00 00:00:00', '0.00', 0, 0),
(1333, 1, 1, 1, '0000-00-00 00:00:00', '0.00', 0, 0),
(1334, 1, 1, 1, '0000-00-00 00:00:00', '0.00', 0, 0),
(1335, 1, 1, 1, '0000-00-00 00:00:00', '0.00', 0, 0),
(1336, 1, 1, 1, '0000-00-00 00:00:00', '0.00', 0, 0),
(1337, 1, 1, 1, '0000-00-00 00:00:00', '0.00', 0, 0),
(1338, 1, 1, 1, '0000-00-00 00:00:00', '0.00', 0, 0),
(1339, 1, 1, 1, '0000-00-00 00:00:00', '0.00', 0, 0),
(1340, 1, 1, 1, '0000-00-00 00:00:00', '0.00', 0, 0),
(1341, 1, 1, 1, '0000-00-00 00:00:00', '0.00', 0, 0),
(1342, 1, 1, 1, '0000-00-00 00:00:00', '0.00', 0, 0),
(1343, 1, 1, 1, '0000-00-00 00:00:00', '0.00', 0, 0),
(1344, 1, 1, 1, '0000-00-00 00:00:00', '0.00', 0, 0),
(1345, 1, 1, 1, '0000-00-00 00:00:00', '0.00', 0, 0),
(1346, 1, 1, 1, '0000-00-00 00:00:00', '0.00', 0, 0),
(1347, 1, 1, 1, '0000-00-00 00:00:00', '0.00', 0, 0),
(1348, 1, 1, 1, '0000-00-00 00:00:00', '0.00', 0, 0),
(1349, 1, 1, 1, '0000-00-00 00:00:00', '0.00', 0, 0),
(1350, 1, 1, 1, '0000-00-00 00:00:00', '0.00', 0, 0),
(1351, 1, 1, 1, '0000-00-00 00:00:00', '0.00', 0, 0),
(1352, 1, 1, 1, '0000-00-00 00:00:00', '0.00', 0, 0),
(1353, 1, 1, 1, '0000-00-00 00:00:00', '0.00', 0, 0),
(1354, 1, 1, 1, '0000-00-00 00:00:00', '0.00', 0, 0),
(1355, 1, 1, 1, '0000-00-00 00:00:00', '0.00', 0, 0),
(1356, 1, 1, 1, '0000-00-00 00:00:00', '0.00', 0, 0),
(1357, 1, 1, 1, '0000-00-00 00:00:00', '0.00', 0, 0),
(1358, 1, 1, 1, '0000-00-00 00:00:00', '0.00', 0, 0),
(1359, 1, 1, 1, '0000-00-00 00:00:00', '0.00', 0, 0),
(1360, 1, 1, 1, '0000-00-00 00:00:00', '0.00', 0, 0),
(1361, 1, 1, 1, '0000-00-00 00:00:00', '0.00', 0, 0),
(1362, 1, 1, 1, '0000-00-00 00:00:00', '0.00', 0, 0),
(1363, 1, 1, 1, '0000-00-00 00:00:00', '0.00', 0, 0),
(1364, 1, 1, 1, '0000-00-00 00:00:00', '0.00', 0, 0),
(1365, 1, 1, 1, '0000-00-00 00:00:00', '0.00', 0, 0),
(1366, 1, 1, 1, '0000-00-00 00:00:00', '0.00', 0, 0),
(1367, 1, 1, 1, '0000-00-00 00:00:00', '0.00', 0, 0),
(1368, 1, 1, 1, '0000-00-00 00:00:00', '0.00', 0, 0),
(1369, 1, 1, 1, '0000-00-00 00:00:00', '0.00', 0, 0),
(1370, 1, 1, 1, '0000-00-00 00:00:00', '0.00', 0, 0),
(1371, 1, 1, 1, '0000-00-00 00:00:00', '0.00', 0, 0),
(1372, 1, 1, 1, '0000-00-00 00:00:00', '0.00', 0, 0),
(1373, 1, 1, 1, '0000-00-00 00:00:00', '0.00', 0, 0),
(1374, 1, 1, 1, '0000-00-00 00:00:00', '0.00', 0, 0),
(1375, 1, 1, 1, '0000-00-00 00:00:00', '0.00', 0, 0),
(1376, 1, 1, 1, '0000-00-00 00:00:00', '0.00', 0, 0),
(1377, 1, 1, 1, '0000-00-00 00:00:00', '0.00', 0, 0),
(1378, 1, 1, 1, '0000-00-00 00:00:00', '0.00', 0, 0),
(1379, 1, 1, 1, '0000-00-00 00:00:00', '0.00', 0, 0),
(1380, 1, 1, 1, '0000-00-00 00:00:00', '0.00', 0, 0),
(1381, 1, 1, 1, '0000-00-00 00:00:00', '0.00', 0, 0),
(1382, 1, 1, 1, '0000-00-00 00:00:00', '0.00', 0, 0),
(1383, 1, 1, 1, '0000-00-00 00:00:00', '0.00', 0, 0),
(1384, 1, 1, 1, '0000-00-00 00:00:00', '0.00', 0, 0),
(1385, 1, 1, 1, '0000-00-00 00:00:00', '0.00', 0, 0),
(1386, 1, 1, 1, '0000-00-00 00:00:00', '0.00', 0, 0),
(1387, 1, 1, 1, '0000-00-00 00:00:00', '0.00', 0, 0),
(1388, 1, 1, 1, '0000-00-00 00:00:00', '0.00', 0, 0),
(1389, 1, 1, 1, '0000-00-00 00:00:00', '0.00', 0, 0),
(1390, 1, 1, 1, '0000-00-00 00:00:00', '0.00', 0, 0),
(1391, 1, 1, 1, '0000-00-00 00:00:00', '0.00', 0, 0),
(1392, 1, 1, 1, '0000-00-00 00:00:00', '0.00', 0, 0),
(1393, 1, 1, 1, '0000-00-00 00:00:00', '0.00', 0, 0),
(1394, 1, 1, 1, '0000-00-00 00:00:00', '0.00', 0, 0),
(1395, 1, 1, 1, '0000-00-00 00:00:00', '0.00', 0, 0),
(1396, 1, 1, 1, '0000-00-00 00:00:00', '0.00', 0, 0),
(1397, 1, 1, 1, '0000-00-00 00:00:00', '0.00', 0, 0),
(1398, 1, 1, 1, '0000-00-00 00:00:00', '0.00', 0, 0),
(1399, 1, 1, 1, '0000-00-00 00:00:00', '0.00', 0, 0),
(1400, 1, 1, 1, '0000-00-00 00:00:00', '0.00', 0, 0),
(1401, 1, 1, 1, '0000-00-00 00:00:00', '0.00', 0, 0),
(1402, 1, 1, 1, '0000-00-00 00:00:00', '0.00', 0, 0),
(1403, 1, 1, 1, '0000-00-00 00:00:00', '0.00', 0, 0),
(1404, 1, 1, 1, '0000-00-00 00:00:00', '1.00', 0, 1),
(1405, 1, 1, 1, '0000-00-00 00:00:00', '0.00', 0, 0),
(1406, 1, 1, 1, '0000-00-00 00:00:00', '0.00', 0, 0),
(1407, 1, 1, 1, '0000-00-00 00:00:00', '0.00', 0, 0),
(1408, 1, 1, 1, '0000-00-00 00:00:00', '0.00', 0, 0),
(1409, 1, 1, 1, '0000-00-00 00:00:00', '1.00', 0, 1),
(1410, 1, 1, 1, '0000-00-00 00:00:00', '0.00', 0, 0),
(1411, 1, 1, 1, '0000-00-00 00:00:00', '0.00', 0, 0),
(1412, 1, 1, 1, '0000-00-00 00:00:00', '0.00', 0, 0),
(1413, 1, 1, 1, '0000-00-00 00:00:00', '0.00', 0, 0),
(1414, 1, 1, 1, '0000-00-00 00:00:00', '0.00', 0, 0),
(1415, 1, 1, 1, '0000-00-00 00:00:00', '0.00', 0, 0),
(1416, 1, 1, 1, '0000-00-00 00:00:00', '0.00', 0, 0),
(1417, 1, 1, 1, '0000-00-00 00:00:00', '0.00', 0, 0),
(1418, 1, 1, 1, '0000-00-00 00:00:00', '0.00', 0, 0),
(1419, 1, 1, 1, '0000-00-00 00:00:00', '0.00', 0, 0),
(1420, 1, 1, 1, '0000-00-00 00:00:00', '0.00', 0, 0),
(1421, 1, 1, 1, '0000-00-00 00:00:00', '0.00', 0, 0),
(1422, 1, 1, 1, '0000-00-00 00:00:00', '0.00', 0, 0),
(1423, 1, 1, 1, '0000-00-00 00:00:00', '0.00', 0, 0),
(1424, 1, 1, 1, '0000-00-00 00:00:00', '27.00', 0, 1),
(1425, 1, 1, 1, '0000-00-00 00:00:00', '0.00', 0, 0),
(1426, 1, 1, 1, '0000-00-00 00:00:00', '0.00', 0, 0),
(1427, 1, 1, 1, '0000-00-00 00:00:00', '0.00', 0, 0),
(1428, 1, 1, 1, '0000-00-00 00:00:00', '0.00', 0, 0),
(1429, 1, 1, 1, '0000-00-00 00:00:00', '0.00', 0, 0),
(1430, 1, 1, 1, '0000-00-00 00:00:00', '0.00', 0, 0),
(1431, 1, 1, 1, '0000-00-00 00:00:00', '0.00', 0, 0),
(1432, 1, 1, 1, '0000-00-00 00:00:00', '0.00', 0, 0),
(1433, 1, 1, 1, '0000-00-00 00:00:00', '1.00', 0, 1),
(1434, 1, 1, 1, '0000-00-00 00:00:00', '0.00', 0, 0),
(1435, 1, 1, 1, '0000-00-00 00:00:00', '0.00', 0, 0),
(1436, 1, 1, 1, '0000-00-00 00:00:00', '0.00', 0, 0),
(1437, 1, 1, 1, '0000-00-00 00:00:00', '1.00', 0, 1),
(1438, 1, 1, 1, '0000-00-00 00:00:00', '0.00', 0, 0),
(1439, 1, 1, 1, '0000-00-00 00:00:00', '1.00', 0, 1),
(1440, 1, 1, 1, '0000-00-00 00:00:00', '0.00', 0, 0),
(1441, 1, 1, 1, '0000-00-00 00:00:00', '0.00', 0, 0),
(1442, 1, 1, 1, '0000-00-00 00:00:00', '1.00', 0, 1),
(1443, 1, 1, 1, '0000-00-00 00:00:00', '0.00', 0, 0),
(1444, 1, 1, 1, '0000-00-00 00:00:00', '0.00', 0, 0),
(1445, 1, 1, 1, '0000-00-00 00:00:00', '0.00', 0, 0),
(1446, 1, 1, 1, '0000-00-00 00:00:00', '0.00', 0, 0),
(1447, 1, 1, 1, '0000-00-00 00:00:00', '0.00', 0, 0),
(1448, 1, 1, 1, '0000-00-00 00:00:00', '0.00', 0, 0),
(1449, 1, 1, 1, '0000-00-00 00:00:00', '0.00', 0, 0),
(1450, 1, 1, 1, '0000-00-00 00:00:00', '0.00', 0, 0),
(1451, 1, 1, 1, '0000-00-00 00:00:00', '0.00', 0, 0),
(1452, 1, 1, 1, '0000-00-00 00:00:00', '0.00', 0, 0),
(1453, 1, 1, 1, '0000-00-00 00:00:00', '0.00', 0, 0),
(1454, 1, 1, 1, '0000-00-00 00:00:00', '0.00', 0, 0),
(1455, 1, 1, 1, '0000-00-00 00:00:00', '0.00', 0, 0),
(1456, 1, 1, 1, '0000-00-00 00:00:00', '0.00', 0, 0),
(1457, 1, 1, 1, '0000-00-00 00:00:00', '0.00', 0, 0),
(1458, 1, 1, 1, '0000-00-00 00:00:00', '0.00', 0, 0),
(1459, 1, 1, 1, '0000-00-00 00:00:00', '0.00', 0, 0),
(1460, 1, 1, 1, '0000-00-00 00:00:00', '0.00', 0, 0),
(1461, 1, 1, 1, '0000-00-00 00:00:00', '0.00', 0, 0),
(1462, 1, 1, 1, '0000-00-00 00:00:00', '0.00', 0, 0),
(1463, 1, 1, 1, '0000-00-00 00:00:00', '0.00', 0, 0),
(1464, 1, 1, 1, '0000-00-00 00:00:00', '0.00', 0, 0),
(1465, 1, 1, 1, '0000-00-00 00:00:00', '0.00', 0, 0),
(1466, 1, 1, 1, '0000-00-00 00:00:00', '0.00', 0, 0),
(1467, 1, 1, 1, '0000-00-00 00:00:00', '0.00', 0, 0),
(1468, 1, 1, 1, '0000-00-00 00:00:00', '0.00', 0, 0),
(1469, 1, 1, 1, '0000-00-00 00:00:00', '0.00', 0, 0),
(1470, 1, 1, 1, '0000-00-00 00:00:00', '0.00', 0, 0),
(1471, 1, 1, 1, '0000-00-00 00:00:00', '0.00', 0, 0),
(1472, 1, 1, 1, '0000-00-00 00:00:00', '0.00', 0, 0),
(1473, 1, 1, 1, '0000-00-00 00:00:00', '0.00', 0, 0),
(1474, 1, 1, 1, '0000-00-00 00:00:00', '0.00', 0, 0),
(1475, 1, 1, 1, '0000-00-00 00:00:00', '0.00', 0, 0),
(1476, 1, 1, 1, '0000-00-00 00:00:00', '0.00', 0, 0),
(1477, 1, 1, 1, '0000-00-00 00:00:00', '0.00', 0, 0),
(1478, 1, 1, 1, '0000-00-00 00:00:00', '0.00', 0, 0),
(1479, 1, 1, 1, '0000-00-00 00:00:00', '0.00', 0, 0),
(1480, 1, 1, 1, '0000-00-00 00:00:00', '0.00', 0, 0),
(1481, 1, 1, 1, '0000-00-00 00:00:00', '0.00', 0, 0),
(1482, 1, 1, 1, '0000-00-00 00:00:00', '0.00', 0, 0),
(1483, 1, 1, 1, '0000-00-00 00:00:00', '0.00', 0, 0),
(1484, 1, 1, 1, '0000-00-00 00:00:00', '0.00', 0, 0),
(1485, 1, 1, 1, '0000-00-00 00:00:00', '0.00', 0, 0),
(1486, 1, 1, 1, '0000-00-00 00:00:00', '0.00', 0, 0),
(1487, 1, 1, 1, '0000-00-00 00:00:00', '0.00', 0, 0),
(1488, 1, 1, 1, '0000-00-00 00:00:00', '0.00', 0, 0),
(1489, 1, 1, 1, '0000-00-00 00:00:00', '0.00', 0, 0),
(1490, 1, 1, 1, '0000-00-00 00:00:00', '0.00', 0, 0),
(1491, 1, 1, 1, '0000-00-00 00:00:00', '0.00', 0, 0),
(1492, 1, 1, 1, '0000-00-00 00:00:00', '0.00', 0, 0),
(1493, 1, 1, 1, '0000-00-00 00:00:00', '0.00', 0, 0),
(1494, 1, 1, 1, '0000-00-00 00:00:00', '0.00', 0, 0),
(1495, 1, 1, 1, '0000-00-00 00:00:00', '0.00', 0, 0),
(1496, 1, 1, 1, '0000-00-00 00:00:00', '0.00', 0, 0),
(1497, 1, 1, 1, '0000-00-00 00:00:00', '0.00', 0, 0),
(1498, 1, 1, 1, '0000-00-00 00:00:00', '0.00', 0, 0),
(1499, 1, 1, 1, '0000-00-00 00:00:00', '0.00', 0, 0),
(1500, 1, 1, 1, '0000-00-00 00:00:00', '0.00', 0, 0),
(1501, 1, 1, 1, '0000-00-00 00:00:00', '0.00', 0, 0),
(1502, 1, 1, 1, '0000-00-00 00:00:00', '0.00', 0, 0),
(1503, 1, 1, 1, '0000-00-00 00:00:00', '0.00', 0, 0),
(1504, 1, 1, 1, '0000-00-00 00:00:00', '0.00', 0, 0),
(1505, 1, 1, 1, '0000-00-00 00:00:00', '0.00', 0, 0),
(1506, 1, 1, 1, '0000-00-00 00:00:00', '0.00', 0, 0),
(1507, 1, 1, 1, '0000-00-00 00:00:00', '0.00', 0, 0),
(1508, 1, 1, 1, '0000-00-00 00:00:00', '0.00', 0, 0),
(1509, 1, 1, 1, '0000-00-00 00:00:00', '0.00', 0, 0),
(1510, 1, 1, 1, '0000-00-00 00:00:00', '0.00', 0, 0),
(1511, 1, 1, 1, '0000-00-00 00:00:00', '0.00', 0, 0),
(1512, 1, 1, 1, '0000-00-00 00:00:00', '0.00', 0, 0),
(1513, 1, 1, 1, '0000-00-00 00:00:00', '0.00', 0, 0),
(1514, 1, 1, 1, '0000-00-00 00:00:00', '0.00', 0, 0),
(1515, 1, 1, 1, '0000-00-00 00:00:00', '0.00', 0, 0),
(1516, 1, 1, 1, '0000-00-00 00:00:00', '0.00', 0, 0),
(1517, 1, 1, 1, '0000-00-00 00:00:00', '0.00', 0, 0),
(1518, 1, 1, 1, '0000-00-00 00:00:00', '8.00', 0, 1),
(1519, 1, 1, 1, '0000-00-00 00:00:00', '0.00', 0, 0),
(1520, 1, 1, 1, '0000-00-00 00:00:00', '0.00', 0, 0),
(1521, 1, 1, 1, '0000-00-00 00:00:00', '0.00', 0, 0),
(1522, 1, 1, 1, '0000-00-00 00:00:00', '0.00', 0, 0),
(1523, 1, 1, 1, '0000-00-00 00:00:00', '0.00', 0, 0),
(1524, 1, 1, 1, '0000-00-00 00:00:00', '0.00', 0, 0),
(1525, 1, 1, 1, '0000-00-00 00:00:00', '0.00', 0, 0),
(1526, 1, 1, 1, '0000-00-00 00:00:00', '0.00', 0, 0),
(1527, 1, 1, 1, '0000-00-00 00:00:00', '0.00', 0, 0),
(1528, 1, 1, 1, '0000-00-00 00:00:00', '0.00', 0, 0),
(1529, 1, 1, 1, '0000-00-00 00:00:00', '0.00', 0, 0),
(1530, 1, 1, 1, '0000-00-00 00:00:00', '0.00', 0, 0),
(1531, 1, 1, 1, '0000-00-00 00:00:00', '0.00', 0, 0),
(1532, 1, 1, 1, '0000-00-00 00:00:00', '0.00', 0, 0),
(1533, 1, 1, 1, '0000-00-00 00:00:00', '0.00', 0, 0),
(1534, 1, 1, 1, '0000-00-00 00:00:00', '0.00', 0, 0),
(1535, 1, 1, 1, '0000-00-00 00:00:00', '1.00', 0, 1),
(1536, 1, 1, 1, '0000-00-00 00:00:00', '0.00', 0, 0),
(1537, 1, 1, 1, '0000-00-00 00:00:00', '0.00', 0, 0),
(1538, 1, 1, 1, '0000-00-00 00:00:00', '0.00', 0, 0),
(1539, 1, 1, 1, '0000-00-00 00:00:00', '0.00', 0, 0),
(1540, 1, 1, 1, '0000-00-00 00:00:00', '0.00', 0, 0),
(1541, 1, 1, 1, '0000-00-00 00:00:00', '0.00', 0, 0),
(1542, 1, 1, 1, '0000-00-00 00:00:00', '0.00', 0, 0),
(1543, 1, 1, 1, '0000-00-00 00:00:00', '0.00', 0, 0),
(1544, 1, 1, 1, '0000-00-00 00:00:00', '0.00', 0, 0),
(1545, 1, 1, 1, '0000-00-00 00:00:00', '0.00', 0, 0),
(1546, 1, 1, 1, '0000-00-00 00:00:00', '0.00', 0, 0),
(1547, 1, 1, 1, '0000-00-00 00:00:00', '0.00', 0, 0),
(1548, 1, 1, 1, '0000-00-00 00:00:00', '0.00', 0, 0),
(1549, 1, 1, 1, '0000-00-00 00:00:00', '0.00', 0, 0),
(1550, 1, 1, 1, '0000-00-00 00:00:00', '0.00', 0, 0),
(1551, 1, 1, 1, '0000-00-00 00:00:00', '0.00', 0, 0),
(1552, 1, 1, 1, '0000-00-00 00:00:00', '0.00', 0, 0),
(1553, 1, 1, 1, '0000-00-00 00:00:00', '0.00', 0, 0),
(1554, 1, 1, 1, '0000-00-00 00:00:00', '0.00', 0, 0),
(1555, 1, 1, 1, '0000-00-00 00:00:00', '0.00', 0, 0),
(1556, 1, 1, 1, '0000-00-00 00:00:00', '0.00', 0, 0),
(1557, 1, 1, 1, '0000-00-00 00:00:00', '0.00', 0, 0),
(1558, 1, 1, 1, '0000-00-00 00:00:00', '0.00', 0, 0),
(1559, 1, 1, 1, '0000-00-00 00:00:00', '0.00', 0, 0),
(1560, 1, 1, 1, '0000-00-00 00:00:00', '0.00', 0, 0),
(1561, 1, 1, 1, '0000-00-00 00:00:00', '0.00', 0, 0),
(1562, 1, 1, 1, '0000-00-00 00:00:00', '0.00', 0, 0),
(1563, 1, 1, 1, '0000-00-00 00:00:00', '0.00', 0, 0),
(1564, 1, 1, 1, '0000-00-00 00:00:00', '0.00', 0, 0),
(1565, 1, 1, 1, '0000-00-00 00:00:00', '0.00', 0, 0),
(1566, 1, 1, 1, '0000-00-00 00:00:00', '0.00', 0, 0),
(1567, 1, 1, 1, '0000-00-00 00:00:00', '0.00', 0, 0),
(1568, 1, 1, 1, '0000-00-00 00:00:00', '0.00', 0, 0),
(1569, 1, 1, 1, '0000-00-00 00:00:00', '0.00', 0, 0),
(1570, 1, 1, 1, '0000-00-00 00:00:00', '0.00', 0, 0),
(1571, 1, 1, 1, '0000-00-00 00:00:00', '0.00', 0, 0),
(1572, 1, 1, 1, '0000-00-00 00:00:00', '0.00', 0, 0),
(1573, 1, 1, 1, '0000-00-00 00:00:00', '0.00', 0, 0),
(1574, 1, 1, 1, '0000-00-00 00:00:00', '0.00', 0, 0),
(1575, 1, 1, 1, '0000-00-00 00:00:00', '0.00', 0, 0),
(1576, 1, 1, 1, '0000-00-00 00:00:00', '0.00', 0, 0),
(1577, 1, 1, 1, '0000-00-00 00:00:00', '0.00', 0, 0),
(1578, 1, 1, 1, '0000-00-00 00:00:00', '0.00', 0, 0),
(1579, 1, 1, 1, '0000-00-00 00:00:00', '0.00', 0, 0),
(1580, 1, 1, 1, '0000-00-00 00:00:00', '0.00', 0, 0),
(1581, 1, 1, 1, '0000-00-00 00:00:00', '0.00', 0, 0),
(1582, 1, 1, 1, '0000-00-00 00:00:00', '0.00', 0, 0),
(1583, 1, 1, 1, '0000-00-00 00:00:00', '0.00', 0, 0),
(1584, 1, 1, 1, '0000-00-00 00:00:00', '0.00', 0, 0),
(1585, 1, 1, 1, '0000-00-00 00:00:00', '0.00', 0, 0),
(1586, 1, 1, 1, '0000-00-00 00:00:00', '0.00', 0, 0),
(1587, 1, 1, 1, '0000-00-00 00:00:00', '0.00', 0, 0),
(1588, 1, 1, 1, '0000-00-00 00:00:00', '0.00', 0, 0),
(1589, 1, 1, 1, '0000-00-00 00:00:00', '0.00', 0, 0),
(1590, 1, 1, 1, '0000-00-00 00:00:00', '0.00', 0, 0),
(1591, 1, 1, 1, '0000-00-00 00:00:00', '0.00', 0, 0),
(1592, 1, 1, 1, '0000-00-00 00:00:00', '0.00', 0, 0),
(1593, 1, 1, 1, '0000-00-00 00:00:00', '0.00', 0, 0),
(1594, 1, 1, 1, '0000-00-00 00:00:00', '0.00', 0, 0),
(1595, 1, 1, 1, '0000-00-00 00:00:00', '0.00', 0, 0),
(1596, 1, 1, 1, '0000-00-00 00:00:00', '0.00', 0, 0),
(1597, 1, 1, 1, '0000-00-00 00:00:00', '0.00', 0, 0),
(1598, 1, 1, 1, '0000-00-00 00:00:00', '0.00', 0, 0),
(1599, 1, 1, 1, '0000-00-00 00:00:00', '0.00', 0, 0),
(1600, 1, 1, 1, '0000-00-00 00:00:00', '0.00', 0, 0),
(1601, 1, 1, 1, '0000-00-00 00:00:00', '105.00', 0, 1),
(1602, 1, 1, 1, '0000-00-00 00:00:00', '0.00', 0, 0),
(1603, 1, 1, 1, '0000-00-00 00:00:00', '0.00', 0, 0),
(1604, 1, 1, 1, '0000-00-00 00:00:00', '0.00', 0, 0),
(1605, 1, 1, 1, '0000-00-00 00:00:00', '0.00', 0, 0),
(1606, 1, 1, 1, '0000-00-00 00:00:00', '0.00', 0, 0),
(1607, 1, 1, 1, '0000-00-00 00:00:00', '0.00', 0, 0),
(1608, 1, 1, 1, '0000-00-00 00:00:00', '0.00', 0, 0),
(1609, 1, 1, 1, '0000-00-00 00:00:00', '0.00', 0, 0),
(1610, 1, 1, 1, '0000-00-00 00:00:00', '0.00', 0, 0),
(1611, 1, 1, 1, '0000-00-00 00:00:00', '0.00', 0, 0),
(1612, 1, 1, 1, '0000-00-00 00:00:00', '0.00', 0, 0),
(1613, 1, 1, 1, '0000-00-00 00:00:00', '0.00', 0, 0),
(1614, 1, 1, 1, '0000-00-00 00:00:00', '0.00', 0, 0),
(1615, 1, 1, 1, '0000-00-00 00:00:00', '0.00', 0, 0),
(1616, 1, 1, 1, '0000-00-00 00:00:00', '0.00', 0, 0),
(1617, 1, 1, 1, '0000-00-00 00:00:00', '0.00', 0, 0),
(1618, 1, 1, 1, '0000-00-00 00:00:00', '0.00', 0, 0),
(1619, 1, 1, 1, '0000-00-00 00:00:00', '0.00', 0, 0),
(1620, 1, 1, 1, '0000-00-00 00:00:00', '0.00', 0, 0),
(1621, 1, 1, 1, '0000-00-00 00:00:00', '0.00', 0, 0),
(1622, 1, 1, 1, '0000-00-00 00:00:00', '0.00', 0, 0),
(1623, 1, 1, 1, '0000-00-00 00:00:00', '0.00', 0, 0),
(1624, 1, 1, 1, '0000-00-00 00:00:00', '0.00', 0, 0),
(1625, 1, 1, 1, '0000-00-00 00:00:00', '0.00', 0, 0),
(1626, 1, 1, 1, '0000-00-00 00:00:00', '0.00', 0, 0),
(1627, 1, 1, 1, '0000-00-00 00:00:00', '0.00', 0, 0),
(1628, 1, 1, 1, '0000-00-00 00:00:00', '0.00', 0, 0),
(1629, 1, 1, 1, '0000-00-00 00:00:00', '0.00', 0, 0),
(1630, 1, 1, 1, '0000-00-00 00:00:00', '0.00', 0, 0),
(1631, 1, 1, 1, '0000-00-00 00:00:00', '0.00', 0, 0),
(1632, 1, 1, 1, '0000-00-00 00:00:00', '0.00', 0, 0),
(1633, 1, 1, 1, '0000-00-00 00:00:00', '0.00', 0, 0),
(1634, 1, 1, 1, '0000-00-00 00:00:00', '0.00', 0, 0),
(1635, 1, 1, 1, '0000-00-00 00:00:00', '0.00', 0, 0),
(1636, 1, 1, 1, '0000-00-00 00:00:00', '0.00', 0, 0),
(1637, 1, 1, 1, '0000-00-00 00:00:00', '0.00', 0, 0),
(1638, 1, 1, 1, '0000-00-00 00:00:00', '0.00', 0, 0),
(1639, 1, 1, 1, '0000-00-00 00:00:00', '0.00', 0, 0),
(1640, 1, 1, 1, '0000-00-00 00:00:00', '0.00', 0, 0),
(1641, 1, 1, 1, '0000-00-00 00:00:00', '0.00', 0, 0),
(1642, 1, 1, 1, '0000-00-00 00:00:00', '0.00', 0, 0),
(1643, 1, 1, 1, '0000-00-00 00:00:00', '0.00', 0, 0),
(1644, 1, 1, 1, '0000-00-00 00:00:00', '0.00', 0, 0),
(1645, 1, 1, 1, '0000-00-00 00:00:00', '0.00', 0, 0),
(1646, 1, 1, 1, '0000-00-00 00:00:00', '0.00', 0, 0),
(1647, 1, 1, 1, '0000-00-00 00:00:00', '0.00', 0, 0),
(1648, 1, 1, 1, '0000-00-00 00:00:00', '0.00', 0, 0),
(1649, 1, 1, 1, '0000-00-00 00:00:00', '0.00', 0, 0),
(1650, 1, 1, 1, '0000-00-00 00:00:00', '0.00', 0, 0),
(1651, 1, 1, 1, '0000-00-00 00:00:00', '0.00', 0, 0),
(1652, 1, 1, 1, '0000-00-00 00:00:00', '0.00', 0, 0),
(1653, 1, 1, 1, '0000-00-00 00:00:00', '0.00', 0, 0),
(1654, 1, 1, 1, '0000-00-00 00:00:00', '0.00', 0, 0),
(1655, 1, 1, 1, '0000-00-00 00:00:00', '0.00', 0, 0),
(1656, 1, 1, 1, '0000-00-00 00:00:00', '0.00', 0, 0),
(1657, 1, 1, 1, '0000-00-00 00:00:00', '0.00', 0, 0),
(1658, 1, 1, 1, '0000-00-00 00:00:00', '0.00', 0, 0),
(1659, 1, 1, 1, '0000-00-00 00:00:00', '0.00', 0, 0),
(1660, 1, 1, 1, '0000-00-00 00:00:00', '0.00', 0, 0),
(1661, 1, 1, 1, '0000-00-00 00:00:00', '0.00', 0, 0),
(1662, 1, 1, 1, '0000-00-00 00:00:00', '0.00', 0, 0),
(1663, 1, 1, 1, '0000-00-00 00:00:00', '0.00', 0, 0),
(1664, 1, 1, 1, '0000-00-00 00:00:00', '0.00', 0, 0),
(1665, 1, 1, 1, '0000-00-00 00:00:00', '0.00', 0, 0),
(1666, 1, 1, 1, '0000-00-00 00:00:00', '0.00', 0, 0),
(1667, 1, 1, 1, '0000-00-00 00:00:00', '0.00', 0, 0),
(1668, 1, 1, 1, '0000-00-00 00:00:00', '0.00', 0, 0),
(1669, 1, 1, 1, '0000-00-00 00:00:00', '0.00', 0, 0),
(1670, 1, 1, 1, '0000-00-00 00:00:00', '0.00', 0, 0),
(1671, 1, 1, 1, '0000-00-00 00:00:00', '0.00', 0, 0),
(1672, 1, 1, 1, '0000-00-00 00:00:00', '0.00', 0, 0),
(1673, 1, 1, 1, '0000-00-00 00:00:00', '0.00', 0, 0),
(1674, 1, 1, 1, '0000-00-00 00:00:00', '0.00', 0, 0),
(1675, 1, 1, 1, '0000-00-00 00:00:00', '0.00', 0, 0),
(1676, 1, 1, 1, '0000-00-00 00:00:00', '0.00', 0, 0),
(1677, 1, 1, 1, '0000-00-00 00:00:00', '0.00', 0, 0),
(1678, 1, 1, 1, '0000-00-00 00:00:00', '0.00', 0, 0),
(1679, 2, 1, 1, '0000-00-00 00:00:00', '0.00', 0, 0),
(1680, 1, 1, 1, '0000-00-00 00:00:00', '0.00', 0, 0),
(1681, 1, 1, 1, '0000-00-00 00:00:00', '0.00', 0, 0),
(1682, 1, 1, 1, '0000-00-00 00:00:00', '0.00', 0, 0),
(1683, 1, 1, 1, '0000-00-00 00:00:00', '151.00', 0, 1),
(1684, 1, 1, 1, '0000-00-00 00:00:00', '0.00', 0, 0),
(1685, 1, 1, 1, '0000-00-00 00:00:00', '0.00', 0, 0),
(1686, 1, 1, 1, '0000-00-00 00:00:00', '0.00', 0, 0),
(1687, 1, 1, 1, '0000-00-00 00:00:00', '0.00', 0, 0),
(1688, 1, 1, 1, '0000-00-00 00:00:00', '0.00', 0, 0),
(1689, 2, 1, 1, '0000-00-00 00:00:00', '0.00', 0, 0),
(1690, 1, 1, 1, '0000-00-00 00:00:00', '0.00', 0, 0),
(1691, 1, 1, 1, '0000-00-00 00:00:00', '0.00', 0, 0),
(1692, 1, 1, 1, '0000-00-00 00:00:00', '0.00', 0, 0),
(1693, 1, 1, 1, '0000-00-00 00:00:00', '0.00', 0, 0),
(1694, 1, 1, 1, '0000-00-00 00:00:00', '0.00', 0, 0),
(1695, 1, 1, 1, '0000-00-00 00:00:00', '0.00', 0, 0),
(1696, 1, 1, 1, '0000-00-00 00:00:00', '0.00', 0, 0),
(1697, 1, 1, 1, '0000-00-00 00:00:00', '0.00', 0, 0),
(1698, 1, 1, 1, '0000-00-00 00:00:00', '0.00', 0, 0),
(1699, 1, 1, 1, '0000-00-00 00:00:00', '0.00', 0, 0),
(1700, 1, 1, 1, '0000-00-00 00:00:00', '1.00', 0, 1),
(1701, 1, 1, 1, '0000-00-00 00:00:00', '0.00', 0, 0),
(1702, 1, 1, 1, '0000-00-00 00:00:00', '0.00', 0, 0),
(1703, 1, 1, 1, '0000-00-00 00:00:00', '0.00', 0, 0),
(1704, 1, 1, 1, '0000-00-00 00:00:00', '0.00', 0, 0),
(1705, 1, 1, 1, '0000-00-00 00:00:00', '0.00', 0, 0),
(1706, 1, 1, 1, '0000-00-00 00:00:00', '0.00', 0, 0),
(1707, 1, 1, 1, '0000-00-00 00:00:00', '0.00', 0, 0),
(1708, 1, 1, 1, '0000-00-00 00:00:00', '0.00', 0, 0),
(1709, 1, 1, 1, '0000-00-00 00:00:00', '0.00', 0, 0),
(1710, 1, 1, 1, '0000-00-00 00:00:00', '0.00', 0, 0),
(1711, 1, 1, 1, '0000-00-00 00:00:00', '0.00', 0, 0),
(1712, 1, 1, 1, '0000-00-00 00:00:00', '0.00', 0, 0),
(1713, 1, 1, 1, '0000-00-00 00:00:00', '0.00', 0, 0),
(1714, 1, 1, 1, '0000-00-00 00:00:00', '1.00', 0, 1),
(1715, 1, 1, 1, '0000-00-00 00:00:00', '0.00', 0, 0),
(1716, 1, 1, 1, '0000-00-00 00:00:00', '0.00', 0, 0),
(1717, 1, 1, 1, '0000-00-00 00:00:00', '0.00', 0, 0),
(1718, 1, 1, 1, '0000-00-00 00:00:00', '0.00', 0, 0),
(1719, 1, 1, 1, '0000-00-00 00:00:00', '0.00', 0, 0),
(1720, 1, 1, 1, '0000-00-00 00:00:00', '0.00', 0, 0),
(1721, 1, 1, 1, '0000-00-00 00:00:00', '0.00', 0, 0),
(1722, 1, 1, 1, '0000-00-00 00:00:00', '0.00', 0, 0),
(1723, 1, 1, 1, '0000-00-00 00:00:00', '0.00', 0, 0),
(1724, 1, 1, 1, '0000-00-00 00:00:00', '0.00', 0, 0),
(1725, 1, 1, 1, '0000-00-00 00:00:00', '0.00', 0, 0),
(1726, 1, 1, 1, '0000-00-00 00:00:00', '0.00', 0, 0),
(1727, 1, 1, 1, '0000-00-00 00:00:00', '0.00', 0, 0),
(1728, 1, 1, 1, '0000-00-00 00:00:00', '0.00', 0, 0),
(1729, 1, 1, 1, '0000-00-00 00:00:00', '17.00', 0, 1),
(1730, 1, 1, 1, '0000-00-00 00:00:00', '0.00', 0, 0),
(1731, 1, 1, 1, '0000-00-00 00:00:00', '0.00', 0, 0),
(1732, 1, 1, 1, '0000-00-00 00:00:00', '0.00', 0, 0),
(1733, 1, 1, 1, '0000-00-00 00:00:00', '0.00', 0, 0),
(1734, 1, 1, 1, '0000-00-00 00:00:00', '0.00', 0, 0),
(1735, 2, 1, 1, '0000-00-00 00:00:00', '0.00', 0, 0),
(1736, 1, 1, 1, '0000-00-00 00:00:00', '0.00', 0, 0),
(1737, 1, 1, 1, '0000-00-00 00:00:00', '0.00', 0, 0),
(1738, 1, 1, 1, '0000-00-00 00:00:00', '0.00', 0, 0),
(1739, 1, 1, 1, '0000-00-00 00:00:00', '0.00', 0, 0),
(1740, 1, 1, 1, '0000-00-00 00:00:00', '0.00', 0, 0),
(1741, 1, 1, 1, '0000-00-00 00:00:00', '0.00', 0, 0),
(1742, 1, 1, 1, '0000-00-00 00:00:00', '45.00', 0, 1),
(1743, 1, 1, 1, '0000-00-00 00:00:00', '0.00', 0, 0),
(1744, 1, 1, 1, '0000-00-00 00:00:00', '0.00', 0, 0),
(1745, 1, 1, 1, '0000-00-00 00:00:00', '90.00', 0, 1),
(1746, 1, 1, 1, '0000-00-00 00:00:00', '0.00', 0, 0),
(1747, 1, 1, 1, '0000-00-00 00:00:00', '0.00', 0, 0),
(1748, 1, 1, 1, '0000-00-00 00:00:00', '2.00', 0, 1),
(1749, 1, 1, 1, '0000-00-00 00:00:00', '0.00', 0, 0),
(1750, 1, 1, 1, '0000-00-00 00:00:00', '0.00', 0, 0),
(1751, 1, 1, 1, '0000-00-00 00:00:00', '0.00', 0, 0),
(1752, 1, 1, 1, '0000-00-00 00:00:00', '0.00', 0, 0),
(1753, 1, 1, 1, '0000-00-00 00:00:00', '0.00', 0, 0),
(1754, 1, 1, 1, '0000-00-00 00:00:00', '0.00', 0, 0),
(1755, 1, 1, 1, '0000-00-00 00:00:00', '0.00', 0, 0),
(1756, 1, 1, 1, '0000-00-00 00:00:00', '0.00', 0, 0),
(1757, 1, 1, 1, '0000-00-00 00:00:00', '0.00', 0, 0),
(1758, 1, 1, 1, '0000-00-00 00:00:00', '0.00', 0, 0),
(1759, 1, 1, 1, '0000-00-00 00:00:00', '0.00', 0, 0),
(1760, 1, 1, 1, '0000-00-00 00:00:00', '0.00', 0, 0),
(1761, 1, 1, 1, '0000-00-00 00:00:00', '0.00', 0, 0),
(1762, 1, 1, 1, '0000-00-00 00:00:00', '0.00', 0, 0),
(1763, 1, 1, 1, '0000-00-00 00:00:00', '0.00', 0, 0),
(1764, 1, 1, 1, '0000-00-00 00:00:00', '0.00', 0, 0),
(1765, 1, 1, 1, '0000-00-00 00:00:00', '0.00', 0, 0),
(1766, 1, 1, 1, '0000-00-00 00:00:00', '0.00', 0, 0),
(1767, 1, 1, 1, '0000-00-00 00:00:00', '0.00', 0, 0),
(1768, 1, 1, 1, '0000-00-00 00:00:00', '0.00', 0, 0),
(1769, 1, 1, 1, '0000-00-00 00:00:00', '0.00', 0, 0),
(1770, 1, 1, 1, '0000-00-00 00:00:00', '0.00', 0, 0),
(1771, 1, 1, 1, '0000-00-00 00:00:00', '0.00', 0, 0),
(1772, 1, 1, 1, '0000-00-00 00:00:00', '0.00', 0, 0),
(1773, 1, 1, 1, '0000-00-00 00:00:00', '0.00', 0, 0),
(1774, 1, 1, 1, '0000-00-00 00:00:00', '0.00', 0, 0),
(1775, 1, 1, 1, '0000-00-00 00:00:00', '0.00', 0, 0),
(1776, 1, 1, 1, '0000-00-00 00:00:00', '0.00', 0, 0),
(1777, 2, 1, 1, '0000-00-00 00:00:00', '0.00', 0, 0),
(1778, 1, 1, 1, '0000-00-00 00:00:00', '0.00', 0, 0),
(1779, 1, 1, 1, '0000-00-00 00:00:00', '0.00', 0, 0),
(1780, 1, 1, 1, '0000-00-00 00:00:00', '9.00', 0, 1),
(1781, 1, 1, 1, '0000-00-00 00:00:00', '0.00', 0, 0),
(1782, 1, 1, 1, '0000-00-00 00:00:00', '0.00', 0, 0),
(1783, 1, 1, 1, '0000-00-00 00:00:00', '0.00', 0, 0),
(1784, 1, 1, 1, '0000-00-00 00:00:00', '1.00', 0, 1),
(1785, 1, 1, 1, '0000-00-00 00:00:00', '0.00', 0, 0),
(1786, 1, 1, 1, '0000-00-00 00:00:00', '0.00', 0, 0),
(1787, 1, 1, 1, '0000-00-00 00:00:00', '0.00', 0, 0),
(1788, 1, 1, 1, '0000-00-00 00:00:00', '0.00', 0, 0),
(1789, 1, 1, 1, '0000-00-00 00:00:00', '0.00', 0, 0),
(1790, 1, 1, 1, '0000-00-00 00:00:00', '0.00', 0, 0),
(1791, 1, 1, 1, '0000-00-00 00:00:00', '10.00', 0, 1),
(1792, 1, 1, 1, '0000-00-00 00:00:00', '0.00', 0, 0),
(1793, 1, 1, 1, '0000-00-00 00:00:00', '0.00', 0, 0),
(1794, 1, 1, 1, '0000-00-00 00:00:00', '0.00', 0, 0),
(1795, 1, 1, 1, '0000-00-00 00:00:00', '0.00', 0, 0),
(1796, 1, 1, 1, '0000-00-00 00:00:00', '3.00', 0, 1),
(1797, 1, 1, 1, '0000-00-00 00:00:00', '0.00', 0, 0),
(1798, 1, 1, 1, '0000-00-00 00:00:00', '0.00', 0, 0),
(1799, 1, 1, 1, '0000-00-00 00:00:00', '0.00', 0, 0),
(1800, 1, 1, 1, '0000-00-00 00:00:00', '0.00', 0, 0),
(1801, 1, 1, 1, '0000-00-00 00:00:00', '0.00', 0, 0),
(1802, 1, 1, 1, '0000-00-00 00:00:00', '0.00', 0, 0),
(1803, 1, 1, 1, '0000-00-00 00:00:00', '0.00', 0, 0),
(1804, 1, 1, 1, '0000-00-00 00:00:00', '0.00', 0, 0),
(1805, 1, 1, 1, '0000-00-00 00:00:00', '0.00', 0, 0),
(1806, 1, 1, 1, '0000-00-00 00:00:00', '0.00', 0, 0),
(1807, 1, 1, 1, '0000-00-00 00:00:00', '0.00', 0, 0),
(1808, 1, 1, 1, '0000-00-00 00:00:00', '0.00', 0, 0),
(1809, 1, 1, 1, '0000-00-00 00:00:00', '0.00', 0, 0),
(1810, 1, 1, 1, '0000-00-00 00:00:00', '0.00', 0, 0),
(1811, 1, 1, 1, '0000-00-00 00:00:00', '0.00', 0, 0),
(1812, 1, 1, 1, '0000-00-00 00:00:00', '2.00', 0, 1),
(1813, 1, 1, 1, '0000-00-00 00:00:00', '0.00', 0, 0),
(1814, 1, 1, 1, '0000-00-00 00:00:00', '0.00', 0, 0),
(1815, 1, 1, 1, '0000-00-00 00:00:00', '0.00', 0, 0),
(1816, 1, 1, 1, '0000-00-00 00:00:00', '0.00', 0, 0),
(1817, 1, 1, 1, '0000-00-00 00:00:00', '0.00', 0, 0),
(1818, 1, 1, 1, '0000-00-00 00:00:00', '0.00', 0, 0),
(1819, 1, 1, 1, '0000-00-00 00:00:00', '0.00', 0, 0),
(1820, 1, 1, 1, '0000-00-00 00:00:00', '0.00', 0, 0),
(1821, 1, 1, 1, '0000-00-00 00:00:00', '0.00', 0, 0),
(1822, 1, 1, 1, '0000-00-00 00:00:00', '0.00', 0, 0),
(1823, 1, 1, 1, '0000-00-00 00:00:00', '0.00', 0, 0),
(1824, 1, 1, 1, '0000-00-00 00:00:00', '0.00', 0, 0),
(1825, 1, 1, 1, '0000-00-00 00:00:00', '50.00', 0, 1),
(1826, 1, 1, 1, '0000-00-00 00:00:00', '0.00', 0, 0),
(1827, 1, 1, 1, '0000-00-00 00:00:00', '0.00', 0, 0),
(1828, 1, 1, 1, '0000-00-00 00:00:00', '0.00', 0, 0),
(1829, 1, 1, 1, '0000-00-00 00:00:00', '0.00', 0, 0),
(1830, 2, 1, 1, '0000-00-00 00:00:00', '0.00', 0, 0),
(1831, 1, 1, 1, '0000-00-00 00:00:00', '0.00', 0, 0),
(1832, 1, 1, 1, '0000-00-00 00:00:00', '0.00', 0, 0),
(1833, 1, 1, 1, '0000-00-00 00:00:00', '0.00', 0, 0),
(1834, 1, 1, 1, '0000-00-00 00:00:00', '0.00', 0, 0),
(1835, 1, 1, 1, '0000-00-00 00:00:00', '0.00', 0, 0),
(1836, 1, 1, 1, '0000-00-00 00:00:00', '0.00', 0, 0),
(1837, 1, 1, 1, '0000-00-00 00:00:00', '0.00', 0, 0),
(1838, 1, 1, 1, '0000-00-00 00:00:00', '0.00', 0, 0),
(1839, 1, 1, 1, '0000-00-00 00:00:00', '0.00', 0, 0),
(1840, 1, 1, 1, '0000-00-00 00:00:00', '0.00', 0, 0),
(1841, 1, 1, 1, '0000-00-00 00:00:00', '0.00', 0, 0),
(1842, 1, 1, 1, '0000-00-00 00:00:00', '0.00', 0, 0),
(1843, 1, 1, 1, '0000-00-00 00:00:00', '0.00', 0, 0),
(1844, 1, 1, 1, '0000-00-00 00:00:00', '0.00', 0, 0),
(1845, 1, 1, 1, '0000-00-00 00:00:00', '0.00', 0, 0),
(1846, 1, 1, 1, '0000-00-00 00:00:00', '0.00', 0, 0),
(1847, 1, 1, 1, '0000-00-00 00:00:00', '0.00', 0, 0),
(1848, 1, 1, 1, '0000-00-00 00:00:00', '0.00', 0, 0),
(1849, 1, 1, 1, '0000-00-00 00:00:00', '0.00', 0, 0),
(1850, 1, 1, 1, '0000-00-00 00:00:00', '0.00', 0, 0),
(1851, 1, 1, 1, '0000-00-00 00:00:00', '0.00', 0, 0),
(1852, 2, 1, 1, '0000-00-00 00:00:00', '0.00', 0, 0),
(1853, 1, 1, 1, '0000-00-00 00:00:00', '0.00', 0, 0),
(1854, 1, 1, 1, '0000-00-00 00:00:00', '0.00', 0, 0),
(1855, 1, 1, 1, '0000-00-00 00:00:00', '0.00', 0, 0),
(1856, 1, 1, 1, '0000-00-00 00:00:00', '37.00', 0, 1),
(1857, 1, 1, 1, '0000-00-00 00:00:00', '0.00', 0, 0),
(1858, 1, 1, 1, '0000-00-00 00:00:00', '0.00', 0, 0),
(1859, 1, 1, 1, '0000-00-00 00:00:00', '0.00', 0, 0),
(1860, 1, 1, 1, '0000-00-00 00:00:00', '0.00', 0, 0),
(1861, 1, 1, 1, '0000-00-00 00:00:00', '0.00', 0, 0),
(1862, 1, 1, 1, '0000-00-00 00:00:00', '0.00', 0, 0),
(1863, 1, 1, 1, '0000-00-00 00:00:00', '0.00', 0, 0),
(1864, 1, 1, 1, '0000-00-00 00:00:00', '0.00', 0, 0),
(1865, 1, 1, 1, '0000-00-00 00:00:00', '0.00', 0, 0),
(1866, 1, 1, 1, '0000-00-00 00:00:00', '0.00', 0, 0),
(1867, 1, 1, 1, '0000-00-00 00:00:00', '0.00', 0, 0),
(1868, 1, 1, 1, '0000-00-00 00:00:00', '0.00', 0, 0),
(1869, 1, 1, 1, '0000-00-00 00:00:00', '0.00', 0, 0),
(1870, 1, 1, 1, '0000-00-00 00:00:00', '0.00', 0, 0),
(1871, 1, 1, 1, '0000-00-00 00:00:00', '0.00', 0, 0),
(1872, 1, 1, 1, '0000-00-00 00:00:00', '0.00', 0, 0),
(1873, 1, 1, 1, '0000-00-00 00:00:00', '0.00', 0, 0),
(1874, 1, 1, 1, '0000-00-00 00:00:00', '0.00', 0, 0),
(1875, 1, 1, 1, '0000-00-00 00:00:00', '0.00', 0, 0),
(1876, 1, 1, 1, '0000-00-00 00:00:00', '0.00', 0, 0),
(1877, 1, 1, 1, '0000-00-00 00:00:00', '0.00', 0, 0),
(1878, 1, 1, 1, '0000-00-00 00:00:00', '0.00', 0, 0),
(1879, 1, 1, 1, '0000-00-00 00:00:00', '0.00', 0, 0),
(1880, 1, 1, 1, '0000-00-00 00:00:00', '0.00', 0, 0),
(1881, 1, 1, 1, '0000-00-00 00:00:00', '0.00', 0, 0),
(1882, 2, 28, 1, '2016-03-28 19:22:19', '1.00', 0, 1),
(1883, 1, 28, 1, '2016-03-28 19:22:31', '0.00', 0, 0),
(1884, 1, 28, 1, '2016-03-28 19:22:43', '0.00', 0, 0),
(1885, 1, 28, 1, '2016-03-28 19:22:53', '0.00', 0, 0),
(1886, 2, 28, 1, '2016-03-28 19:23:02', '1.00', 0, 1),
(1887, 1, 28, 1, '2016-03-28 19:25:50', '0.00', 0, 0),
(1888, 1, 28, 1, '2016-03-28 19:25:56', '0.00', 0, 0),
(1889, 1, 28, 1, '2016-03-28 19:25:58', '0.00', 0, 0),
(1890, 1, 28, 1, '2016-03-28 19:26:01', '0.00', 0, 0),
(1891, 1, 28, 1, '2016-03-28 19:26:03', '0.00', 0, 0),
(1892, 1, 28, 1, '2016-03-28 19:26:16', '0.00', 0, 0),
(1893, 1, 28, 1, '2016-03-28 19:26:19', '0.00', 0, 0),
(1894, 1, 28, 1, '2016-03-28 19:26:22', '0.00', 0, 0),
(1895, 1, 28, 1, '2016-03-28 19:26:25', '0.00', 0, 0),
(1896, 1, 28, 1, '2016-03-28 19:27:54', '0.00', 0, 0),
(1897, 1, 28, 1, '2016-03-28 19:27:58', '0.00', 0, 0),
(1898, 1, 28, 1, '2016-03-28 19:28:02', '0.00', 0, 0),
(1899, 1, 28, 1, '2016-03-28 19:28:14', '0.00', 0, 0),
(1900, 1, 28, 1, '2016-03-28 19:28:38', '0.00', 0, 0),
(1901, 1, 28, 1, '2016-03-28 19:28:52', '0.00', 0, 0),
(1902, 2, 28, 1, '2016-03-28 19:31:09', '1.00', 0, 1),
(1903, 1, 28, 1, '2016-03-28 19:32:33', '1.00', 0, 1),
(1904, 1, 28, 1, '2016-03-28 19:35:29', '0.00', 0, 0),
(1905, 1, 3, 8, '2016-03-28 19:57:41', '0.00', 0, 0),
(1906, 2, 28, 1, '2016-03-28 19:58:31', '1.00', 0, 1);

-- --------------------------------------------------------

--
-- Structure de la table `sale_details`
--

CREATE TABLE IF NOT EXISTS `sale_details` (
  `sd_id` int(10) unsigned NOT NULL AUTO_INCREMENT,
  `sale_id` int(10) unsigned NOT NULL,
  `product_id` int(10) unsigned NOT NULL,
  `quantity` int(11) NOT NULL DEFAULT '0',
  `current_price` decimal(6,2) NOT NULL,
  PRIMARY KEY (`sd_id`),
  KEY `sale_details_sale_id_foreign` (`sale_id`),
  KEY `sale_details_product_id_foreign` (`product_id`)
) ENGINE=InnoDB  DEFAULT CHARSET=utf8 COLLATE=utf8_unicode_ci AUTO_INCREMENT=148 ;

--
-- Contenu de la table `sale_details`
--

INSERT INTO `sale_details` (`sd_id`, `sale_id`, `product_id`, `quantity`, `current_price`) VALUES
(1, 44, 3, 0, '9.00'),
(2, 44, 4, 1, '10.00'),
(3, 44, 4, 5, '10.00'),
(4, 122, 4, 10, '10.00'),
(5, 122, 4, 10, '10.00'),
(6, 122, 4, 10, '10.00'),
(7, 122, 4, 10, '10.00'),
(8, 140, 2, 5, '1.00'),
(9, 140, 5, 1, '5.00'),
(10, 140, 5, 1, '5.00'),
(11, 140, 5, 1, '5.00'),
(12, 140, 5, 1, '5.00'),
(13, 140, 5, 1, '5.00'),
(14, 140, 5, 1, '5.00'),
(15, 140, 5, 1, '5.00'),
(16, 140, 5, 1, '5.00'),
(17, 140, 5, 1, '5.00'),
(18, 140, 5, 1, '5.00'),
(19, 140, 5, 1, '5.00'),
(20, 140, 5, 1, '5.00'),
(21, 140, 5, 1, '5.00'),
(22, 140, 2, 5, '1.00'),
(23, 258, 1, 1, '1.00'),
(24, 258, 1, 1, '1.00'),
(25, 258, 1, 1, '1.00'),
(26, 342, 1, 1, '1.00'),
(27, 342, 1, 1, '1.00'),
(28, 342, 1, 1, '1.00'),
(29, 342, 1, 1, '1.00'),
(30, 342, 1, 1, '1.00'),
(31, 342, 1, 1, '1.00'),
(32, 342, 1, 1, '1.00'),
(33, 342, 1, 1, '1.00'),
(34, 342, 1, 1, '1.00'),
(35, 342, 1, 1, '1.00'),
(36, 342, 1, 1, '1.00'),
(37, 342, 1, 1, '1.00'),
(38, 342, 1, 1, '1.00'),
(39, 342, 1, 1, '1.00'),
(40, 342, 1, 1, '1.00'),
(41, 342, 1, 1, '1.00'),
(42, 342, 1, 1, '1.00'),
(43, 342, 1, 1, '1.00'),
(44, 342, 1, 1, '1.00'),
(45, 342, 1, 40, '1.00'),
(46, 433, 1, 1, '1.00'),
(47, 433, 1, 1, '1.00'),
(48, 433, 1, 1, '1.00'),
(49, 433, 1, 1, '1.00'),
(50, 433, 1, 1, '1.00'),
(51, 433, 1, 1, '1.00'),
(52, 433, 1, 1, '1.00'),
(53, 480, 12, 1, '4.00'),
(54, 480, 12, 1, '4.00'),
(55, 494, 1, 1, '1.00'),
(56, 494, 6, 10, '6.00'),
(57, 516, 1, 1, '1.00'),
(58, 516, 1, 1, '1.00'),
(59, 556, 1, 1, '1.00'),
(60, 580, 1, 1, '1.00'),
(61, 605, 1, 1, '1.00'),
(62, 632, 1, 1, '1.00'),
(63, 1016, 6, 10, '6.00'),
(64, 1041, 1, 1, '1.00'),
(65, 1041, 4, 1, '10.00'),
(66, 1041, 6, 1, '6.00'),
(67, 1041, 6, 1, '6.00'),
(68, 1041, 6, 1, '6.00'),
(69, 1041, 6, 1, '6.00'),
(70, 1041, 6, 1, '6.00'),
(71, 1041, 6, 1, '6.00'),
(72, 1147, 1, 1, '1.00'),
(73, 1404, 1, 1, '1.00'),
(74, 1409, 1, 1, '1.00'),
(75, 1424, 3, 1, '9.00'),
(76, 1424, 3, 1, '9.00'),
(77, 1424, 3, 1, '9.00'),
(78, 1433, 2, 1, '1.00'),
(79, 1437, 2, 1, '1.00'),
(80, 1439, 2, 1, '1.00'),
(81, 1442, 2, 1, '1.00'),
(82, 1445, 1, 1, '1.00'),
(83, 1461, 1, 1, '1.00'),
(84, 1467, 1, 1, '1.00'),
(85, 1467, 1, 1, '1.00'),
(86, 1475, 24, 1, '17.00'),
(87, 1498, 1, 1, '1.00'),
(88, 1502, 1, 1, '1.00'),
(89, 1502, 1, 1, '1.00'),
(90, 1502, 3, 1, '9.00'),
(91, 1502, 1, 1, '1.00'),
(92, 1502, 1, 1, '1.00'),
(93, 1518, 6, 1, '6.00'),
(94, 1518, 1, 1, '1.00'),
(95, 1518, 1, 1, '1.00'),
(96, 1535, 1, 1, '1.00'),
(97, 1547, 1, 1, '1.00'),
(98, 1547, 7, 1, '5.00'),
(99, 1547, 7, 1, '5.00'),
(100, 1547, 7, 1, '5.00'),
(101, 1547, 7, 1, '5.00'),
(102, 1547, 7, 1, '5.00'),
(103, 1547, 6, 1, '6.00'),
(104, 1547, 3, 3, '9.00'),
(105, 1547, 1, 10, '1.00'),
(106, 1547, 3, 3, '9.00'),
(107, 1594, 3, 1, '9.00'),
(108, 1594, 3, 1, '9.00'),
(109, 1594, 3, 1, '9.00'),
(110, 1598, 3, 1, '9.00'),
(111, 1601, 3, 1, '9.00'),
(112, 1601, 3, 1, '9.00'),
(113, 1601, 6, 1, '6.00'),
(114, 1683, 1, 1, '1.00'),
(115, 1683, 7, 20, '5.00'),
(116, 1693, 1, 1, '1.00'),
(117, 1700, 105, 1, '1.00'),
(118, 1714, 2, 1, '1.00'),
(119, 1729, 5, 1, '5.00'),
(120, 1729, 2, 1, '1.00'),
(121, 1729, 105, 1, '1.00'),
(122, 1742, 3, 1, '9.00'),
(123, 1745, 3, 1, '9.00'),
(124, 1748, 1, 1, '1.00'),
(125, 1748, 1, 1, '1.00'),
(126, 1780, 3, 1, '9.00'),
(127, 1784, 11, 1, '1.00'),
(128, 1791, 4, 1, '10.00'),
(129, 1796, 1, 1, '1.00'),
(130, 1796, 1, 1, '1.00'),
(131, 1796, 1, 1, '1.00'),
(132, 1812, 1, 1, '1.00'),
(133, 1812, 1, 1, '1.00'),
(134, 1825, 5, 1, '5.00'),
(135, 1838, 1, 1, '1.00'),
(136, 1838, 1, 1, '1.00'),
(137, 1838, 1, 1, '1.00'),
(138, 1838, 1, 1, '1.00'),
(139, 1856, 1, 22, '1.00'),
(140, 1856, 1, 1, '15.00'),
(141, 1874, 1, 12, '1.00'),
(142, 1874, 6, 1, '62.00'),
(143, 1882, 1, 1, '1.00'),
(144, 1886, 1, 1, '1.00'),
(145, 1902, 1, 1, '1.00'),
(146, 1903, 1, 1, '1.00'),
(147, 1906, 1, 1, '1.00');

-- --------------------------------------------------------

--
-- Structure de la table `sousfamille`
--

CREATE TABLE IF NOT EXISTS `sousfamille` (
  `idSousFamille` int(11) NOT NULL AUTO_INCREMENT,
  `idFamille` int(11) DEFAULT NULL,
  `labelSousFamille` varchar(30) DEFAULT NULL,
  `status` int(11) NOT NULL,
  PRIMARY KEY (`idSousFamille`)
) ENGINE=InnoDB  DEFAULT CHARSET=latin1 AUTO_INCREMENT=2002 ;

--
-- Contenu de la table `sousfamille`
--

INSERT INTO `sousfamille` (`idSousFamille`, `idFamille`, `labelSousFamille`, `status`) VALUES
(1, 2, 'BOUEES DE PLAGE', 0),
(3, 1, 'NOEL-FETES-CARNAVAL', 0),
(29, 1, 'Ballons', 0),
(30, 1, 'BALLONS GONFLABLES', 0),
(1001, 3, 'NOEL-FETES-CARNAVAL', 0),
(2001, 4, 'MACHINE DE SPORT', 0);

-- --------------------------------------------------------

--
-- Structure de la table `temp_orders`
--

CREATE TABLE IF NOT EXISTS `temp_orders` (
  `id` int(11) NOT NULL AUTO_INCREMENT,
  `date` timestamp NOT NULL DEFAULT CURRENT_TIMESTAMP,
  `id_user` int(11) NOT NULL,
  `amount` int(11) NOT NULL,
  `id_product` int(11) NOT NULL,
  `id_order` int(11) NOT NULL,
  PRIMARY KEY (`id`)
) ENGINE=InnoDB  DEFAULT CHARSET=latin1 AUTO_INCREMENT=60 ;

--
-- Contenu de la table `temp_orders`
--

INSERT INTO `temp_orders` (`id`, `date`, `id_user`, `amount`, `id_product`, `id_order`) VALUES
(55, '2016-02-25 19:51:41', 0, 1, 1, 0),
(58, '2016-04-01 12:00:13', 1, 10, 2, 0);

-- --------------------------------------------------------

--
-- Structure de la table `users`
--

CREATE TABLE IF NOT EXISTS `users` (
  `id` int(11) NOT NULL AUTO_INCREMENT,
  `login` varchar(20) NOT NULL,
  `passwd` varchar(32) NOT NULL,
  `level` int(11) NOT NULL,
  `id_point_vente` int(11) DEFAULT NULL,
  `deleted` int(11) NOT NULL DEFAULT '0',
  PRIMARY KEY (`id`)
) ENGINE=MyISAM  DEFAULT CHARSET=utf8 COMMENT='Table with users data.' AUTO_INCREMENT=9 ;

--
-- Contenu de la table `users`
--

INSERT INTO `users` (`id`, `login`, `passwd`, `level`, `id_point_vente`, `deleted`) VALUES
(1, 'root', '63a9f0ea7bb98050796b649e85481845', 2, 28, 0),
(6, 'ghassen', '2e94069ff511e16163aac423c0c01d86', 2, NULL, 0),
(7, 'ghassen2', '2e94069ff511e16163aac423c0c01d86', 1, NULL, 0),
(8, 'afif', 'b56776aa98086825550ff0c3fe260907', 1, 3, 0);

/*!40101 SET CHARACTER_SET_CLIENT=@OLD_CHARACTER_SET_CLIENT */;
/*!40101 SET CHARACTER_SET_RESULTS=@OLD_CHARACTER_SET_RESULTS */;
/*!40101 SET COLLATION_CONNECTION=@OLD_COLLATION_CONNECTION */;
